season_end_year,match_date,match_time,day_of_week,competition_name,competition_country,venue,match_status,referee,home_team,away_team,home_goals,away_goals,home_xg,away_xg,attendance
2020,09/07/2019,15:00,Sat,FA Women's Super League,ENG,Etihad Stadium,Played,Rebecca Welch,Manchester City,Manchester Utd,1,0,0.5,1.1,31213
2020,09/07/2019,15:00,Sat,FA Women's Super League,ENG,Stoke Gifford Stadium,Played,Abigail Bryne,Bristol City,Brighton,0,0,0.4,2.1,3041
2020,09/08/2019,12:30,Sun,FA Women's Super League,ENG,Stamford Bridge,Played,Jack Packman,Chelsea,Tottenham,1,0,1.3,0.3,24564
2020,09/08/2019,14:00,Sun,FA Women's Super League,ENG,Damson Park,Played,Elliot Swallow,Birmingham City,Everton,0,1,0.7,0.8,873
2020,09/08/2019,14:00,Sun,FA Women's Super League,ENG,Prenton Park,Played,Samuel Barrott,Liverpool,Reading,0,1,0.5,1,1445
2020,09/08/2019,14:30,Sun,FA Women's Super League,ENG,Meadow Park,Played,Stacey Pearson,Arsenal,West Ham,2,1,2.6,0.8,1795
2020,9/15/2019,12:30,Sun,FA Women's Super League,ENG,Adams Park,Played,Stacey Pearson,Reading,Manchester City,0,2,0.2,2.3,897
2020,9/15/2019,12:30,Sun,FA Women's Super League,ENG,Haig Avenue,Played,Amy Fearn,Everton,Bristol City,2,0,1.4,1,441
2020,9/15/2019,14:00,Sun,FA Women's Super League,ENG,The Hive Stadium,Played,Ryan Atkin,Tottenham,Liverpool,1,0,1.6,0.3,996
2020,9/15/2019,14:00,Sun,FA Women's Super League,ENG,Checkatrade.com Stadium,Played,Lee Collins,Brighton,Chelsea,1,1,0.4,1.7,1352
2020,9/15/2019,15:00,Sun,FA Women's Super League,ENG,Rush Green Stadium,Played,Paul Howard,West Ham,Birmingham City,1,0,1.4,0.9,1297
2020,9/16/2019,19:30,Mon,FA Women's Super League,ENG,Leigh Sports Village Stadium,Played,Abigail Bryne,Manchester Utd,Arsenal,0,1,0.6,1.9,2530
2020,9/28/2019,12:00,Sat,FA Women's Super League,ENG,Leigh Sports Village Stadium,Played,Lucy Oliver,Manchester Utd,Liverpool,2,0,3.2,0.5,2813
2020,9/29/2019,12:30,Sun,FA Women's Super League,ENG,Meadow Park,Played,Elliot Swallow,Arsenal,Brighton,4,0,1.5,0.1,1607
2020,9/29/2019,12:30,Sun,FA Women's Super League,ENG,Meadow Park,Played,Lewis Smith,Everton,Manchester City,0,1,0.6,1.5,378
2020,9/29/2019,14:30,Sun,FA Women's Super League,ENG,Rush Green Stadium,Played,Abigail Bryne,West Ham,Tottenham,0,2,2.1,0.9,24790
2020,9/29/2019,15:00,Sun,FA Women's Super League,ENG,Stoke Gifford Stadium,Played,Lisa Benn,Bristol City,Chelsea,0,4,0,2.9,986
2020,10/12/2019,14:00,Sat,FA Women's Super League,ENG,Academy Stadium,Played,Helen Conley,Manchester City,Birmingham City,3,0,3.5,0.3,1834
2020,10/13/2019,12:00,Sun,FA Women's Super League,ENG,Prenton Park,Played,Martin Woods,Liverpool,Bristol City,1,1,1.5,0.3,924
2020,10/13/2019,12:30,Sun,FA Women's Super League,ENG,The Hive Stadium,Played,Kirsty Dowle,Tottenham,Manchester Utd,0,3,0.8,3,1299
2020,10/13/2019,14:00,Sun,FA Women's Super League,ENG,Checkatrade.com Stadium,Played,Lisa Benn,Brighton,West Ham,1,3,2,2.2,849
2020,10/13/2019,14:00,Sun,FA Women's Super League,ENG,Adams Park,Played,Alan Dale,Reading,Everton,3,2,1.8,2.3,616
2020,10/13/2019,15:00,Sun,FA Women's Super League,ENG,Cherry Red Records Fans' Stadium,Played,Rebecca Welch,Chelsea,Arsenal,2,1,1.4,0.4,4149
2020,10/27/2019,12:30,Sun,FA Women's Super League,ENG,Haig Avenue,Played,Jane Simms,Everton,Brighton,2,0,0.8,1.6,331
2020,10/27/2019,12:30,Sun,FA Women's Super League,ENG,Leigh Sports Village Stadium,Played,Helen Conley,Manchester Utd,Reading,2,0,0.9,0.4,1997
2020,10/27/2019,14:00,Sun,FA Women's Super League,ENG,Damson Park,Played,Lisa Benn,Birmingham City,Liverpool,2,0,0.9,0.5,1056
2020,10/27/2019,14:30,Sun,FA Women's Super League,ENG,Meadow Park,Played,Rebecca Welch,Arsenal,Manchester City,1,0,1.1,0.3,2424
2020,10/27/2019,15:00,Sun,FA Women's Super League,ENG,Stoke Gifford Stadium,Played,Daniel Lamport,Bristol City,Tottenham,1,2,0.7,2.2,639
2020,10/27/2019,15:00,Sun,FA Women's Super League,ENG,Rush Green Stadium,Played,Rob Whitton,West Ham,Chelsea,1,3,1.6,1.7,2122
2020,11/17/2019,12:30,Sun,FA Women's Super League,ENG,Academy Stadium,Played,Stacey Pearson,Manchester City,West Ham,5,0,3,0.7,2145
2020,11/17/2019,14:00,Sun,FA Women's Super League,ENG,Adams Park,Played,Kirsty Dowle,Reading,Bristol City,3,3,3.6,1.4,1420
2020,11/17/2019,14:00,Sun,FA Women's Super League,ENG,Checkatrade.com Stadium,Played,Helen Conley,Brighton,Birmingham City,3,0,2.4,0.5,4130
2020,11/17/2019,14:00,Sun,FA Women's Super League,ENG,Cherry Red Records Fans' Stadium,Played,Jack Packman,Chelsea,Manchester Utd,1,0,1.5,0.4,4790
2020,11/17/2019,15:00,Sun,FA Women's Super League,ENG,The Hive Stadium,Played,Abigail Bryne,Tottenham,Arsenal,0,2,0.7,1.4,38262
2020,11/17/2019,15:00,Sun,FA Women's Super League,ENG,Prenton Park,Played,Amy Fearn,Liverpool,Everton,0,1,0.9,0.9,23500
2020,11/24/2019,12:00,Sun,FA Women's Super League,ENG,Leigh Sports Village Stadium,Played,Steven Copeland,Manchester Utd,Brighton,4,0,4.5,0.1,1707
2020,11/24/2019,12:30,Sun,FA Women's Super League,ENG,Stoke Gifford Stadium,Played,Lucy Oliver,Bristol City,Manchester City,0,5,1.1,1.9,1212
2020,11/24/2019,12:30,Sun,FA Women's Super League,ENG,Walton Hall Park,Played,Michael Barlow,Everton,Tottenham,3,1,2.1,0.6,150
2020,11/24/2019,14:00,Sun,FA Women's Super League,ENG,Meadow Park,Played,Elizabeth Simms,Arsenal,Liverpool,1,0,1.2,0.4,2017
2020,11/24/2019,14:45,Sun,FA Women's Super League,ENG,Damson Park,Played,Richard Walker,Birmingham City,Chelsea,0,6,0.2,2.7,1159
2020,11/24/2019,15:00,Sun,FA Women's Super League,ENG,Rush Green Stadium,Played,Lloyd Wood,West Ham,Reading,2,3,0.9,1.3,1392
2020,11/29/2019,19:45,Fri,FA Women's Super League,ENG,Checkatrade.com Stadium,Played,Matthew Russell,Brighton,Reading,2,2,1.2,1.7,510
2020,12/01/2019,12:30,Sun,FA Women's Super League,ENG,Meadow Park,Played,Helen Conley,Arsenal,Bristol City,11,1,8.3,1.1,1513
2020,12/01/2019,14:00,Sun,FA Women's Super League,ENG,Academy Stadium,Played,Kirsty Dowle,Manchester City,Liverpool,1,0,1.5,1.1,2293
2020,12/01/2019,15:00,Sun,FA Women's Super League,ENG,Rush Green Stadium,Played,Amy Fearn,West Ham,Manchester Utd,3,2,0.4,1.2,1736
2020,12/04/2019,19:30,Wed,FA Women's Super League,ENG,Damson Park,Played,Jane Simms,Birmingham City,Tottenham,1,1,0.8,1.8,304
2020,12/08/2019,12:00,Sun,FA Women's Super League,ENG,Cherry Red Records Fans' Stadium,Played,Amy Fearn,Chelsea,Manchester City,2,1,2.4,0.6,3498
2020,12/08/2019,12:00,Sun,FA Women's Super League,ENG,Leigh Sports Village Stadium,Played,Joe Hull,Manchester Utd,Everton,3,1,2.2,0.6,1805
2020,12/08/2019,14:00,Sun,FA Women's Super League,ENG,The Hive Stadium,Played,Emily Heaslip,Tottenham,Brighton,1,0,2,0.8,571
2020,12/08/2019,14:00,Sun,FA Women's Super League,ENG,Prenton Park,Played,Peter Gibbons,Liverpool,West Ham,1,1,1.9,1,565
2020,12/08/2019,14:30,Sun,FA Women's Super League,ENG,Adams Park,Played,Richard Holme,Reading,Arsenal,0,3,1.4,1.7,943
2020,12/08/2019,15:00,Sun,FA Women's Super League,ENG,Stoke Gifford Stadium,Played,Samuel Allison,Bristol City,Birmingham City,0,2,0.4,0.6,404
2020,12/15/2019,12:30,Sun,FA Women's Super League,ENG,Academy Stadium,Played,Lucy Oliver,Manchester City,Brighton,5,0,3.6,0.4,1173
2020,12/15/2019,12:30,Sun,FA Women's Super League,ENG,Walton Hall Park,Played,Ben Speedie,Everton,Arsenal,1,3,0.7,3.5,451
2020,12/15/2019,14:00,Sun,FA Women's Super League,ENG,Adams Park,Played,Stacey Pearson,Reading,Tottenham,3,1,4.3,0.4,715
2020,12/15/2019,14:00,Sun,FA Women's Super League,ENG,Prenton Park,Played,Louise Saunders,Liverpool,Chelsea,1,1,0.5,2.9,540
2020,01/05/2020,12:00,Sun,FA Women's Super League,ENG,Leigh Sports Village Stadium,Played,Lucy Oliver,Manchester Utd,Bristol City,0,1,2.4,0.2,2021
2020,01/05/2020,12:30,Sun,FA Women's Super League,ENG,Cherry Red Records Fans' Stadium,Played,Stacey Pearson,Chelsea,Reading,3,1,4,1.3,2828
2020,01/05/2020,14:00,Sun,FA Women's Super League,ENG,Checkatrade.com Stadium,Played,Amy Fearn,Brighton,Liverpool,1,0,0.7,1.1,947
2020,01/05/2020,14:00,Sun,FA Women's Super League,ENG,The Hive Stadium,Played,Helen Conley,Tottenham,Manchester City,1,4,1.3,3.9,1056
2020,01/05/2020,14:00,Sun,FA Women's Super League,ENG,Meadow Park,Played,Elizabeth Simms,Arsenal,Birmingham City,2,0,2.7,0.3,2106
2020,01/11/2020,17:30,Sat,FA Women's Super League,ENG,Academy Stadium,Played,Amy Fearn,Manchester City,Everton,3,1,3.1,0.2,1681
2020,01/12/2020,12:00,Sun,FA Women's Super League,ENG,Prenton Park,Cancelled,,Liverpool,Manchester Utd,NA,NA,NA,NA,NA
2020,01/12/2020,12:30,Sun,FA Women's Super League,ENG,Checkatrade.com Stadium,Played,Kirsty Dowle,Brighton,Arsenal,0,4,0.2,2,1312
2020,01/12/2020,14:00,Sun,FA Women's Super League,ENG,Cherry Red Records Fans' Stadium,Played,Emily Heaslip,Chelsea,Bristol City,6,1,5.2,0.3,2866
2020,01/12/2020,14:00,Sun,FA Women's Super League,ENG,The Hive Stadium,Played,Lucy Oliver,Tottenham,West Ham,2,1,1.2,0.5,855
2020,01/12/2020,14:00,Sun,FA Women's Super League,ENG,Adams Park,Played,Tom Bishop,Reading,Birmingham City,1,0,1.2,0.6,733
2020,1/19/2020,12:00,Sun,FA Women's Super League,ENG,Leigh Sports Village Stadium,Played,Edward Duckworth,Manchester Utd,Tottenham,3,0,2.7,0.9,1836
2020,1/19/2020,12:00,Sun,FA Women's Super League,ENG,Damson Park,Played,Helen Conley,Birmingham City,Manchester City,0,2,0.2,2.9,1197
2020,1/19/2020,14:00,Sun,FA Women's Super League,ENG,Walton Hall Park,Played,Peter Shacklady,Everton,Reading,3,1,2,1.1,NA
2020,1/19/2020,14:00,Sun,FA Women's Super League,ENG,Meadow Park,Played,Abigail Bryne,Arsenal,Chelsea,1,4,0.7,2.2,4000
2020,1/19/2020,15:00,Sun,FA Women's Super League,ENG,Stoke Gifford Stadium,Played,Savvas Yianni,Bristol City,Liverpool,0,1,1.3,1.4,1007
2020,1/19/2020,15:00,Sun,FA Women's Super League,ENG,Rush Green Stadium,Played,Ryan Atkin,West Ham,Brighton,2,1,1.8,2.1,1799
2020,02/02/2020,12:00,Sun,FA Women's Super League,ENG,Prenton Park,Cancelled,,Liverpool,Birmingham City,NA,NA,NA,NA,NA
2020,02/02/2020,14:00,Sun,FA Women's Super League,ENG,Adams Park,Played,Kirsty Dowle,Reading,Manchester Utd,1,1,1.8,0.4,1256
2020,02/02/2020,14:00,Sun,FA Women's Super League,ENG,Cherry Red Records Fans' Stadium,Played,Amy Fearn,Chelsea,West Ham,8,0,6.5,0.2,3304
2020,02/02/2020,14:00,Sun,FA Women's Super League,ENG,Academy Stadium,Played,Stacey Pearson,Manchester City,Arsenal,2,1,0.5,2.1,3664
2020,02/02/2020,14:00,Sun,FA Women's Super League,ENG,Checkatrade.com Stadium,Played,Abigail Bryne,Brighton,Everton,1,0,1.2,0.6,830
2020,02/09/2020,14:00,Sun,FA Women's Super League,ENG,Damson Park,Cancelled,,Birmingham City,Brighton,NA,NA,NA,NA,NA
2020,02/09/2020,15:00,Sun,FA Women's Super League,ENG,Stoke Gifford Stadium,Cancelled,,Bristol City,Reading,NA,NA,NA,NA,NA
2020,02/12/2020,19:00,Wed,FA Women's Super League,ENG,Cherry Red Records Fans' Stadium,Played,Rob Whitton,Chelsea,Birmingham City,2,0,2.1,0.1,1928
2020,02/12/2020,19:00,Wed,FA Women's Super League,ENG,Academy Stadium,Played,Edward Duckworth,Manchester City,Bristol City,1,0,1.1,0.1,858
2020,02/12/2020,19:30,Wed,FA Women's Super League,ENG,The Hive Stadium,Played,Lisa Benn,Tottenham,Everton,2,2,0.9,1.7,388
2020,02/12/2020,19:30,Wed,FA Women's Super League,ENG,Adams Park,Played,Abigail Bryne,Reading,West Ham,2,0,2,0,573
2020,02/12/2020,19:45,Wed,FA Women's Super League,ENG,Checkatrade.com Stadium,Played,Savvas Yianni,Brighton,Manchester Utd,1,1,2.1,0.6,905
2020,2/13/2020,19:00,Thu,FA Women's Super League,ENG,Prenton Park,Played,Rebecca Welch,Liverpool,Arsenal,2,3,0.8,1.9,660
2020,2/23/2020,12:30,Sun,FA Women's Super League,ENG,Walton Hall Park,Played,Andrew Sykes,Everton,Manchester Utd,2,3,1.4,1.3,893
2020,2/23/2020,14:00,Sun,FA Women's Super League,ENG,Damson Park,Played,Stacey Pearson,Birmingham City,Bristol City,0,1,0.6,0.7,659
2020,2/23/2020,14:00,Sun,FA Women's Super League,ENG,Academy Stadium,Played,Rebecca Welch,Manchester City,Chelsea,3,3,2.6,1.2,3542
2020,2/23/2020,14:00,Sun,FA Women's Super League,ENG,Meadow Park,Cancelled,,Arsenal,Reading,NA,NA,NA,NA,NA
2020,2/23/2020,14:00,Sun,FA Women's Super League,ENG,Checkatrade.com Stadium,Played,Louise Saunders,Brighton,Tottenham,0,1,0.6,1.2,964
2020,2/23/2020,15:00,Sun,FA Women's Super League,ENG,Rush Green Stadium,Played,Matthew Russell,West Ham,Liverpool,4,2,1.6,1.5,1877
2020,3/22/2020,12:00,Sun,FA Women's Super League,ENG,Leigh Sports Village Stadium,Cancelled,,Manchester Utd,West Ham,NA,NA,NA,NA,NA
2020,3/22/2020,14:00,Sun,FA Women's Super League,ENG,Prenton Park,Cancelled,,Liverpool,Manchester City,NA,NA,NA,NA,NA
2020,3/22/2020,14:00,Sun,FA Women's Super League,ENG,The Hive Stadium,Cancelled,,Tottenham,Birmingham City,NA,NA,NA,NA,NA
2020,3/22/2020,14:00,Sun,FA Women's Super League,ENG,Cherry Red Records Fans' Stadium,Cancelled,,Chelsea,Everton,NA,NA,NA,NA,NA
2020,3/22/2020,14:00,Sun,FA Women's Super League,ENG,Adams Park,Cancelled,,Reading,Brighton,NA,NA,NA,NA,NA
2020,3/22/2020,15:00,Sun,FA Women's Super League,ENG,Stoke Gifford Stadium,Cancelled,,Bristol City,Arsenal,NA,NA,NA,NA,NA
2020,3/25/2020,19:00,Wed,FA Women's Super League,ENG,Walton Hall Park,Cancelled,,Everton,Liverpool,NA,NA,NA,NA,NA
2020,3/25/2020,19:30,Wed,FA Women's Super League,ENG,Damson Park,Cancelled,,Birmingham City,Manchester Utd,NA,NA,NA,NA,NA
2020,3/28/2020,15:00,Sat,FA Women's Super League,ENG,Leigh Sports Village Stadium,Cancelled,,Manchester Utd,Manchester City,NA,NA,NA,NA,NA
2020,3/29/2020,12:00,Sun,FA Women's Super League,ENG,Rush Green Stadium,Cancelled,,West Ham,Arsenal,NA,NA,NA,NA,NA
2020,3/29/2020,12:30,Sun,FA Women's Super League,ENG,Walton Hall Park,Cancelled,,Everton,Birmingham City,NA,NA,NA,NA,NA
2020,3/29/2020,14:00,Sun,FA Women's Super League,ENG,The Hive Stadium,Cancelled,,Tottenham,Chelsea,NA,NA,NA,NA,NA
2020,3/29/2020,14:00,Sun,FA Women's Super League,ENG,Checkatrade.com Stadium,Cancelled,,Brighton,Bristol City,NA,NA,NA,NA,NA
2020,3/29/2020,14:00,Sun,FA Women's Super League,ENG,Adams Park,Cancelled,,Reading,Liverpool,NA,NA,NA,NA,NA
2020,04/01/2020,19:30,Wed,FA Women's Super League,ENG,Rush Green Stadium,Cancelled,Robert Massey Ellis,West Ham,Everton,NA,NA,NA,NA,NA
2020,04/05/2020,14:00,Sun,FA Women's Super League,ENG,Damson Park,Cancelled,,Birmingham City,West Ham,NA,NA,NA,NA,NA
2020,04/05/2020,14:00,Sun,FA Women's Super League,ENG,Prenton Park,Cancelled,,Liverpool,Tottenham,NA,NA,NA,NA,NA
2020,04/05/2020,14:00,Sun,FA Women's Super League,ENG,Academy Stadium,Cancelled,,Manchester City,Reading,NA,NA,NA,NA,NA
2020,04/05/2020,14:00,Sun,FA Women's Super League,ENG,Cherry Red Records Fans' Stadium,Cancelled,,Chelsea,Brighton,NA,NA,NA,NA,NA
2020,04/05/2020,14:00,Sun,FA Women's Super League,ENG,Meadow Park,Cancelled,,Arsenal,Manchester Utd,NA,NA,NA,NA,NA
2020,04/05/2020,15:00,Sun,FA Women's Super League,ENG,Stoke Gifford Stadium,Cancelled,,Bristol City,Everton,NA,NA,NA,NA,NA
2020,4/19/2020,14:00,Sun,FA Women's Super League,ENG,The Hive Stadium,Cancelled,,Tottenham,Bristol City,NA,NA,NA,NA,NA
2020,4/22/2020,19:30,Wed,FA Women's Super League,ENG,Rush Green Stadium,Cancelled,,West Ham,Manchester City,NA,NA,NA,NA,NA
2020,4/26/2020,12:00,Sun,FA Women's Super League,ENG,Prenton Park,Cancelled,,Liverpool,Brighton,NA,NA,NA,NA,NA
2020,4/26/2020,12:30,Sun,FA Women's Super League,ENG,Walton Hall Park,Cancelled,,Everton,West Ham,NA,NA,NA,NA,NA
2020,4/26/2020,14:00,Sun,FA Women's Super League,ENG,Academy Stadium,Cancelled,,Manchester City,Tottenham,NA,NA,NA,NA,NA
2020,4/26/2020,14:00,Sun,FA Women's Super League,ENG,Adams Park,Cancelled,,Reading,Chelsea,NA,NA,NA,NA,NA
2020,4/26/2020,14:00,Sun,FA Women's Super League,ENG,Damson Park,Cancelled,,Birmingham City,Arsenal,NA,NA,NA,NA,NA
2020,4/26/2020,15:00,Sun,FA Women's Super League,ENG,Stoke Gifford Stadium,Cancelled,,Bristol City,Manchester Utd,NA,NA,NA,NA,NA
2020,05/03/2020,12:30,Sun,FA Women's Super League,ENG,Walton Hall Park,Cancelled,Lucy Oliver,Everton,Chelsea,NA,NA,NA,NA,NA
2020,05/03/2020,15:00,Sun,FA Women's Super League,ENG,Stoke Gifford Stadium,Cancelled,,Bristol City,West Ham,NA,NA,NA,NA,NA
2020,05/06/2020,19:30,Wed,FA Women's Super League,ENG,Damson Park,Cancelled,,Birmingham City,Reading,NA,NA,NA,NA,NA
2020,05/12/2020,19:30,Tue,FA Women's Super League,ENG,Leigh Sports Village Stadium,Cancelled,,Manchester Utd,Chelsea,NA,NA,NA,NA,NA
2020,5/13/2020,19:30,Wed,FA Women's Super League,ENG,Meadow Park,Cancelled,,Arsenal,Tottenham,NA,NA,NA,NA,NA
2020,5/16/2020,,Sat,FA Women's Super League,ENG,The Hive Stadium,Cancelled,,Tottenham,Reading,NA,NA,NA,NA,NA
2020,5/16/2020,,Sat,FA Women's Super League,ENG,Checkatrade.com Stadium,Cancelled,,Brighton,Manchester City,NA,NA,NA,NA,NA
2020,5/16/2020,,Sat,FA Women's Super League,ENG,Leigh Sports Village Stadium,Cancelled,,Manchester Utd,Birmingham City,NA,NA,NA,NA,NA
2020,5/16/2020,,Sat,FA Women's Super League,ENG,Cherry Red Records Fans' Stadium,Cancelled,,Chelsea,Liverpool,NA,NA,NA,NA,NA
2020,5/16/2020,,Sat,FA Women's Super League,ENG,Rush Green Stadium,Cancelled,,West Ham,Bristol City,NA,NA,NA,NA,NA
2020,5/16/2020,,Sat,FA Women's Super League,ENG,Meadow Park,Cancelled,,Arsenal,Everton,NA,NA,NA,NA,NA
2021,09/05/2020,14:30,Sat,FA Women's Super League,ENG,Villa Park,Played,Abigail Bryne,Aston Villa,Manchester City,0,2,0.9,2.8,NA
2021,09/06/2020,12:30,Sun,FA Women's Super League,ENG,Meadow Park,Played,Amy Fearn,Arsenal,Reading,6,1,4,1,NA
2021,09/06/2020,14:00,Sun,FA Women's Super League,ENG,The Hive Stadium,Played,Kirsty Dowle,Tottenham,West Ham,1,1,0.7,1.1,NA
2021,09/06/2020,14:00,Sun,FA Women's Super League,ENG,The People’s Pension Stadium,Played,Rob Whitton,Brighton,Birmingham City,2,0,1.2,0.2,NA
2021,09/06/2020,14:00,Sun,FA Women's Super League,ENG,Twerton Park Stadium,Played,Scott Jackson,Bristol City,Everton,0,4,0.8,3.2,NA
2021,09/06/2020,14:30,Sun,FA Women's Super League,ENG,Leigh Sports Village Stadium,Played,Rebecca Welch,Manchester Utd,Chelsea,1,1,1.4,3.2,NA
2021,09/12/2020,17:20,Sat,FA Women's Super League,ENG,Chigwell Construction Stadium,Played,Abigail Bryne,West Ham,Arsenal,1,9,0.1,3.7,NA
2021,9/13/2020,12:30,Sun,FA Women's Super League,ENG,Cherry Red Records Fans' Stadium,Played,Stacey Pearson,Chelsea,Bristol City,9,0,6.6,0.1,NA
2021,9/13/2020,13:00,Sun,FA Women's Super League,ENG,Walton Hall Park,Played,Robert Massey Ellis,Everton,Tottenham,1,0,1.3,0.4,NA
2021,9/13/2020,14:00,Sun,FA Women's Super League,ENG,SportNation.bet Stadium,Played,Lucy Oliver,Birmingham City,Manchester Utd,2,5,0.3,2.5,NA
2021,9/13/2020,14:00,Sun,FA Women's Super League,ENG,Madejski Stadium,Played,Emily Heaslip,Reading,Aston Villa,3,1,3.6,1.2,NA
2021,9/13/2020,14:00,Sun,FA Women's Super League,ENG,Academy Stadium,Played,Helen Conley,Manchester City,Brighton,0,0,2,0.3,NA
2021,10/03/2020,12:30,Sat,FA Women's Super League,ENG,The Banks's Stadium,Played,Kirsty Dowle,Aston Villa,Everton,0,6,0.8,2.4,NA
2021,10/04/2020,12:00,Sun,FA Women's Super League,ENG,Leigh Sports Village Stadium,Played,Elliot Swallow,Manchester Utd,Brighton,3,0,4.5,0.5,NA
2021,10/04/2020,12:30,Sun,FA Women's Super League,ENG,Academy Stadium,Played,Stacey Pearson,Manchester City,Tottenham,4,1,2.8,0.2,NA
2021,10/04/2020,14:00,Sun,FA Women's Super League,ENG,Meadow Park,Played,Jack Packman,Arsenal,Bristol City,3,1,3.2,0.1,NA
2021,10/04/2020,14:30,Sun,FA Women's Super League,ENG,SportNation.bet Stadium,Played,Abigail Bryne,Birmingham City,Chelsea,0,1,0.1,1.3,NA
2021,10/04/2020,15:00,Sun,FA Women's Super League,ENG,Chigwell Construction Stadium,Played,Rob Whitton,West Ham,Reading,0,1,1.4,1.3,NA
2021,10/10/2020,12:30,Sat,FA Women's Super League,ENG,The Hive Stadium,Played,Amy Fearn,Tottenham,Manchester Utd,0,1,0.2,1.6,NA
2021,10/11/2020,12:30,Sun,FA Women's Super League,ENG,The People’s Pension Stadium,Played,Kirsty Dowle,Brighton,Arsenal,0,5,0.6,2.3,NA
2021,10/11/2020,13:00,Sun,FA Women's Super League,ENG,Walton Hall Park,Played,Edward Duckworth,Everton,West Ham,3,1,2.2,0.7,NA
2021,10/11/2020,14:00,Sun,FA Women's Super League,ENG,Madejski Stadium,Played,Sarah Garratt,Reading,Birmingham City,0,1,1.6,0.5,NA
2021,10/11/2020,14:30,Sun,FA Women's Super League,ENG,Cherry Red Records Fans' Stadium,Played,Rebecca Welch,Chelsea,Manchester City,3,1,2.7,1.2,NA
2021,10/18/2020,12:30,Sun,FA Women's Super League,ENG,Chigwell Construction Stadium,Played,Ryan Atkin,West Ham,Manchester Utd,2,4,0.4,3.4,NA
2021,10/18/2020,13:00,Sun,FA Women's Super League,ENG,Walton Hall Park,Played,Lucy Oliver,Everton,Brighton,2,2,1.7,0.8,NA
2021,10/18/2020,14:00,Sun,FA Women's Super League,ENG,Madejski Stadium,Played,Savvas Yianni,Reading,Manchester City,1,1,0.2,1.8,NA
2021,10/18/2020,14:00,Sun,FA Women's Super League,ENG,Twerton Park Stadium,Played,Helen Conley,Bristol City,Birmingham City,0,4,0.4,2.1,NA
2021,10/18/2020,14:30,Sun,FA Women's Super League,ENG,Meadow Park,Played,Abigail Bryne,Arsenal,Tottenham,6,1,2.8,1.2,NA
2021,11/07/2020,14:00,Sat,FA Women's Super League,ENG,The Hive Stadium,Played,Helen Conley,Tottenham,Reading,1,1,0.8,1.6,NA
2021,11/07/2020,15:00,Sat,FA Women's Super League,ENG,Academy Stadium,Played,Christiana Hattersley,Manchester City,Bristol City,8,1,4.4,0.5,NA
2021,11/08/2020,12:00,Sun,FA Women's Super League,ENG,Cherry Red Records Fans' Stadium,Played,Abigail Bryne,Chelsea,Everton,4,0,2,0.7,NA
2021,11/08/2020,14:00,Sun,FA Women's Super League,ENG,SportNation.bet Stadium,Played,Richie Watkins,Birmingham City,West Ham,1,2,0.7,0.9,NA
2021,11/08/2020,14:00,Sun,FA Women's Super League,ENG,The People’s Pension Stadium,Played,Stacey Pearson,Brighton,Aston Villa,0,2,0.5,0.7,NA
2021,11/08/2020,14:30,Sun,FA Women's Super League,ENG,Leigh Sports Village Stadium,Played,Peter Shacklady,Manchester Utd,Arsenal,1,0,1.4,0.5,NA
2021,11/14/2020,12:30,Sat,FA Women's Super League,ENG,Leigh Sports Village Stadium,Played,Amy Fearn,Manchester Utd,Manchester City,2,2,1.2,1.7,NA
2021,11/14/2020,14:30,Sat,FA Women's Super League,ENG,The Banks's Stadium,Played,Rebecca Welch,Aston Villa,Birmingham City,0,1,0.7,0.9,NA
2021,11/14/2020,16:30,Sat,FA Women's Super League,ENG,Walton Hall Park,Played,Emily Heaslip,Everton,Reading,1,1,1.5,0.3,NA
2021,11/14/2020,18:30,Sat,FA Women's Super League,ENG,Twerton Park Stadium,Played,Lisa Benn,Bristol City,Tottenham,2,2,1.5,0.8,NA
2021,11/15/2020,12:30,Sun,FA Women's Super League,ENG,Chigwell Construction Stadium,Played,Abigail Bryne,West Ham,Brighton,0,1,1.4,0.7,NA
2021,11/15/2020,14:30,Sun,FA Women's Super League,ENG,Meadow Park,Played,Kirsty Dowle,Arsenal,Chelsea,1,1,1.5,1,NA
2021,12/05/2020,12:30,Sat,FA Women's Super League,ENG,The Banks's Stadium,Played,Abigail Bryne,Aston Villa,Manchester Utd,0,2,0.8,1.9,NA
2021,12/06/2020,12:30,Sun,FA Women's Super League,ENG,Cherry Red Records Fans' Stadium,Played,Rebecca Welch,Chelsea,West Ham,3,2,3.3,1.1,266
2021,12/06/2020,14:00,Sun,FA Women's Super League,ENG,Meadow Park,Played,Christiana Hattersley,Arsenal,Birmingham City,3,0,3.6,0.1,NA
2021,12/06/2020,14:00,Sun,FA Women's Super League,ENG,The Hive Stadium,Played,Emily Heaslip,Tottenham,Brighton,3,1,2.4,1.6,NA
2021,12/06/2020,14:00,Sun,FA Women's Super League,ENG,Madejski Stadium,Played,Lucy Oliver,Reading,Bristol City,1,1,2.7,1,NA
2021,12/06/2020,14:30,Sun,FA Women's Super League,ENG,Walton Hall Park,Played,Stacey Pearson,Everton,Manchester City,0,3,0.5,2.4,NA
2021,12/09/2020,19:30,Wed,FA Women's Super League,ENG,Twerton Park Stadium,Played,Amy Fearn,Bristol City,Aston Villa,0,4,0.5,1.6,NA
2021,12/13/2020,12:30,Sun,FA Women's Super League,ENG,Madejski Stadium,Played,Helen Conley,Reading,Manchester Utd,1,2,0.5,1.9,NA
2021,12/13/2020,14:00,Sun,FA Women's Super League,ENG,Twerton Park Stadium,Played,Jane Simms,Bristol City,West Ham,0,4,0.4,2,NA
2021,12/13/2020,14:00,Sun,FA Women's Super League,ENG,The People’s Pension Stadium,Played,Lisa Benn,Brighton,Chelsea,0,1,0.1,0.7,457
2021,12/13/2020,14:00,Sun,FA Women's Super League,ENG,The Hive Stadium,Played,Sarah Garratt,Tottenham,Aston Villa,3,1,1.8,0.5,NA
2021,12/13/2020,14:30,Sun,FA Women's Super League,ENG,Academy Stadium,Played,Emily Heaslip,Manchester City,Arsenal,2,1,1.8,0.1,NA
2021,12/20/2020,12:00,Sun,FA Women's Super League,ENG,Leigh Sports Village Stadium,Played,Lisa Benn,Manchester Utd,Bristol City,6,1,1.8,0.9,NA
2021,12/20/2020,12:30,Sun,FA Women's Super League,ENG,Meadow Park,Played,Helen Conley,Arsenal,Everton,4,0,3.2,0.2,NA
2021,12/20/2020,14:30,Sun,FA Women's Super League,ENG,The People’s Pension Stadium,Played,Abigail Bryne,Brighton,Reading,1,3,1.6,0.9,365
2021,01/10/2021,14:00,Sun,FA Women's Super League,ENG,Madejski Stadium,Played,Abigail Bryne,Reading,Chelsea,0,5,0.2,1.8,NA
2021,01/10/2021,14:00,Sun,FA Women's Super League,ENG,The Hive Stadium,Played,Jane Simms,Tottenham,Birmingham City,0,0,NA,NA,NA
2021,1/17/2021,12:30,Sun,FA Women's Super League,ENG,Academy Stadium,Played,Amy Fearn,Manchester City,Aston Villa,7,0,3.8,0.3,NA
2021,1/17/2021,13:00,Sun,FA Women's Super League,ENG,Walton Hall Park,Played,Christiana Hattersley,Everton,Bristol City,4,0,2.4,0.8,NA
2021,1/17/2021,14:00,Sun,FA Women's Super League,ENG,Madejski Stadium,Played,Lisa Benn,Reading,Arsenal,1,1,0.3,2.9,NA
2021,1/17/2021,14:00,Sun,FA Women's Super League,ENG,SportNation.bet Stadium,Played,Helen Conley,Birmingham City,Brighton,0,0,0.3,1,NA
2021,1/17/2021,14:30,Sun,FA Women's Super League,ENG,Cherry Red Records Fans' Stadium,Played,Rebecca Welch,Chelsea,Manchester Utd,2,1,2,0.2,NA
2021,1/17/2021,15:00,Sun,FA Women's Super League,ENG,Chigwell Construction Stadium,Played,Lucy Oliver,West Ham,Tottenham,0,1,0.9,0.9,NA
2021,1/23/2021,12:30,Sat,FA Women's Super League,ENG,The Banks's Stadium,Played,Kirsty Dowle,Aston Villa,Reading,2,2,0.8,2.2,NA
2021,1/24/2021,12:00,Sun,FA Women's Super League,ENG,Leigh Sports Village Stadium,Played,Stacey Pearson,Manchester Utd,Birmingham City,2,0,3.1,0,NA
2021,1/24/2021,14:00,Sun,FA Women's Super League,ENG,The People’s Pension Stadium,Played,Lisa Benn,Brighton,Manchester City,1,7,0.2,4.2,NA
2021,1/27/2021,19:00,Wed,FA Women's Super League,ENG,The Banks's Stadium,Played,Helen Conley,Aston Villa,Chelsea,0,4,0.4,1.7,NA
2021,1/30/2021,14:00,Sat,FA Women's Super League,ENG,Twerton Park Stadium,Played,Lucy Oliver,Bristol City,Brighton,3,0,1.6,0.4,NA
2021,1/31/2021,12:30,Sun,FA Women's Super League,ENG,Cherry Red Records Fans' Stadium,Played,Sarah Garratt,Chelsea,Tottenham,4,0,2.5,0.5,NA
2021,1/31/2021,14:00,Sun,FA Women's Super League,ENG,Academy Stadium,Played,Jane Simms,Manchester City,West Ham,4,0,3.4,0.1,NA
2021,1/31/2021,14:30,Sun,FA Women's Super League,ENG,Walton Hall Park,Played,Kirsty Dowle,Everton,Manchester Utd,0,2,0.3,1.5,NA
2021,02/06/2021,12:30,Sat,FA Women's Super League,ENG,The Banks's Stadium,Played,Jane Simms,Aston Villa,Tottenham,1,0,0.3,0.4,NA
2021,02/07/2021,12:30,Sun,FA Women's Super League,ENG,Leigh Sports Village Stadium,Played,Edward Duckworth,Manchester Utd,Reading,0,2,1.3,1.7,NA
2021,02/07/2021,14:00,Sun,FA Women's Super League,ENG,Cherry Red Records Fans' Stadium,Played,Christiana Hattersley,Chelsea,Brighton,1,2,2,0.8,NA
2021,02/07/2021,14:00,Sun,FA Women's Super League,ENG,Walton Hall Park,Played,Lisa Benn,Everton,Birmingham City,1,1,0.8,1.1,NA
2021,02/07/2021,14:30,Sun,FA Women's Super League,ENG,Meadow Park,Played,Kirsty Dowle,Arsenal,Manchester City,1,2,0.6,1.9,NA
2021,02/07/2021,15:00,Sun,FA Women's Super League,ENG,Chigwell Construction Stadium,Played,Sarah Garratt,West Ham,Bristol City,1,1,0.3,1.3,NA
2021,02/10/2021,19:00,Wed,FA Women's Super League,ENG,The People’s Pension Stadium,Played,Isaac Searle,Brighton,West Ham,1,0,1.6,0.5,NA
2021,02/10/2021,19:00,Wed,FA Women's Super League,ENG,Cherry Red Records Fans' Stadium,Played,Amy Fearn,Chelsea,Arsenal,3,0,1.2,0.9,NA
2021,02/12/2021,19:00,Fri,FA Women's Super League,ENG,Academy Stadium,Played,Abigail Bryne,Manchester City,Manchester Utd,3,0,1.3,0.5,NA
2021,2/14/2021,15:00,Sun,FA Women's Super League,ENG,Twerton Park Stadium,Played,Emily Heaslip,Bristol City,Chelsea,0,5,0.1,3.4,NA
2021,2/14/2021,14:00,Sun,FA Women's Super League,ENG,Madejski Stadium,Played,Stacey Pearson,Reading,Everton,1,1,1.7,0.5,NA
2021,2/28/2021,14:00,Sun,FA Women's Super League,ENG,SportNation.bet Stadium,Played,Helen Conley,Birmingham City,Manchester City,0,4,0.1,1.3,NA
2021,2/28/2021,14:00,Sun,FA Women's Super League,ENG,The Banks's Stadium,Played,Lisa Benn,Aston Villa,Arsenal,0,4,0.3,2.6,NA
2021,2/28/2021,14:00,Sun,FA Women's Super League,ENG,The Hive Stadium,Played,Abigail Bryne,Tottenham,Everton,2,3,0.7,2.4,NA
2021,03/07/2021,12:00,Sun,FA Women's Super League,ENG,Leigh Sports Village Stadium,Played,Helen Conley,Manchester Utd,Aston Villa,3,0,1,0,NA
2021,03/07/2021,14:00,Sun,FA Women's Super League,ENG,Academy Stadium,Played,Sarah Garratt,Manchester City,Everton,1,0,1.2,0.1,NA
2021,03/07/2021,14:00,Sun,FA Women's Super League,ENG,The People’s Pension Stadium,Played,Stacey Pearson,Brighton,Tottenham,2,0,0.4,1.2,NA
2021,03/07/2021,14:00,Sun,FA Women's Super League,ENG,SportNation.bet Stadium,Played,Jane Simms,Birmingham City,Arsenal,0,4,0.1,3.6,NA
2021,03/07/2021,15:00,Sun,FA Women's Super League,ENG,Chigwell Construction Stadium,Played,Rob Whitton,West Ham,Chelsea,0,2,0.5,2.9,NA
2021,03/08/2021,20:15,Mon,FA Women's Super League,ENG,Twerton Park Stadium,Played,Rebecca Welch,Bristol City,Reading,3,2,0.9,1.9,NA
2021,03/11/2021,19:00,Thu,FA Women's Super League,ENG,SportNation.bet Stadium,Played,Lisa Benn,Birmingham City,Everton,0,4,0.3,1.1,NA
2021,3/14/2021,12:30,Sun,FA Women's Super League,ENG,Madejski Stadium,Played,Christiana Hattersley,Reading,Tottenham,0,0,0.9,0.8,NA
2021,3/17/2021,19:00,Wed,FA Women's Super League,ENG,Walton Hall Park,Played,Emily Heaslip,Everton,Chelsea,0,3,0.5,3.4,NA
2021,3/17/2021,19:30,Wed,FA Women's Super League,ENG,Chigwell Construction Stadium,Played,Stacey Pearson,West Ham,Birmingham City,2,2,1.3,1.1,NA
2021,3/17/2021,19:30,Wed,FA Women's Super League,ENG,The Banks's Stadium,Played,Rebecca Welch,Aston Villa,Brighton,0,2,0.8,1.7,NA
2021,3/17/2021,19:30,Wed,FA Women's Super League,ENG,Twerton Park Stadium,Played,Scott Jackson,Bristol City,Manchester City,0,3,0.3,2.3,NA
2021,3/19/2021,18:30,Fri,FA Women's Super League,ENG,Meadow Park,Played,Amy Fearn,Arsenal,Manchester Utd,2,0,0.9,0.8,NA
2021,3/21/2021,14:00,Sun,FA Women's Super League,ENG,The Hive Stadium,Played,Jane Simms,Tottenham,Bristol City,1,1,1.5,0.5,NA
2021,3/27/2021,11:30,Sat,FA Women's Super League,ENG,Leigh Sports Village Stadium,Played,Lisa Benn,Manchester Utd,West Ham,2,0,2,0.5,NA
2021,3/27/2021,15:30,Sat,FA Women's Super League,ENG,The Hive Stadium,Played,Helen Conley,Tottenham,Arsenal,0,3,1.1,1.8,NA
2021,3/27/2021,17:30,Sat,FA Women's Super League,ENG,Academy Stadium,Played,Stacey Pearson,Manchester City,Reading,1,0,2.3,0.2,NA
2021,3/28/2021,12:30,Sun,FA Women's Super League,ENG,Twerton Park Stadium,Played,Christiana Hattersley,Brighton,Everton,0,5,0.3,3,NA
2021,3/28/2021,14:30,Sun,FA Women's Super League,ENG,Cherry Red Records Fans' Stadium,Played,Sarah Garratt,Chelsea,Aston Villa,2,0,1.1,0,NA
2021,3/28/2021,16:00,Sun,FA Women's Super League,ENG,SportNation.bet Stadium,Played,Kirsty Dowle,Birmingham City,Bristol City,1,1,0.6,1.1,NA
2021,04/03/2021,14:00,Sat,FA Women's Super League,ENG,Madejski Stadium,Played,Kirsty Dowle,Reading,West Ham,0,5,0.5,2.2,NA
2021,04/04/2021,12:30,Sun,FA Women's Super League,ENG,Cherry Red Records Fans' Stadium,Played,Jane Simms,Chelsea,Birmingham City,6,0,3.2,0.4,NA
2021,04/04/2021,13:00,Sun,FA Women's Super League,ENG,Walton Hall Park,Played,Stacey Pearson,Everton,Aston Villa,3,1,2.2,0.4,NA
2021,04/04/2021,14:00,Sun,FA Women's Super League,ENG,Twerton Park Stadium,Played,Sarah Garratt,Bristol City,Arsenal,0,4,0.1,3.6,NA
2021,04/04/2021,14:00,Sun,FA Women's Super League,ENG,The Hive Stadium,Played,Amy Fearn,Tottenham,Manchester City,0,3,0.1,1.7,NA
2021,04/04/2021,14:00,Sun,FA Women's Super League,ENG,The People’s Pension Stadium,Played,Abigail Bryne,Brighton,Manchester Utd,1,0,1.2,1.2,NA
2021,4/20/2021,18:00,Tue,FA Women's Super League,ENG,Chigwell Construction Stadium,Played,Amy Fearn,West Ham,Aston Villa,0,0,0.4,0,NA
2021,4/21/2021,18:00,Wed,FA Women's Super League,ENG,Academy Stadium,Played,Rebecca Welch,Manchester City,Chelsea,2,2,1.5,1.6,NA
2021,4/24/2021,12:30,Sat,FA Women's Super League,ENG,The Banks's Stadium,Played,Emily Heaslip,Aston Villa,Bristol City,2,2,1.2,0.5,NA
2021,4/25/2021,12:30,Sun,FA Women's Super League,ENG,Leigh Sports Village Stadium,Played,Christiana Hattersley,Manchester Utd,Tottenham,4,1,2.4,0.1,NA
2021,4/25/2021,14:00,Sun,FA Women's Super League,ENG,Meadow Park,Played,Lisa Benn,Arsenal,Brighton,2,0,1.4,0.2,NA
2021,4/25/2021,14:00,Sun,FA Women's Super League,ENG,SportNation.bet Stadium,Played,Lucy May,Birmingham City,Reading,1,1,1.2,0.7,NA
2021,4/25/2021,15:00,Sun,FA Women's Super League,ENG,Chigwell Construction Stadium,Played,Helen Conley,West Ham,Everton,0,0,1.7,1.1,NA
2021,4/28/2021,19:30,Wed,FA Women's Super League,ENG,Meadow Park,Played,Emily Heaslip,Arsenal,West Ham,2,0,1.9,0.3,NA
2021,4/28/2021,19:00,Wed,FA Women's Super League,ENG,SportNation.bet Stadium,Played,Jane Simms,Birmingham City,Aston Villa,1,1,0.4,1,NA
2021,05/02/2021,12:30,Sun,FA Women's Super League,ENG,The Banks's Stadium,Played,Rebecca Welch,Aston Villa,West Ham,0,0,0.5,1.6,NA
2021,05/02/2021,13:00,Sun,FA Women's Super League,ENG,Walton Hall Park,Played,Sarah Garratt,Everton,Arsenal,1,2,0.4,1.9,NA
2021,05/02/2021,14:00,Sun,FA Women's Super League,ENG,Twerton Park Stadium,Played,Lisa Benn,Bristol City,Manchester Utd,0,1,1,2.1,NA
2021,05/02/2021,14:00,Sun,FA Women's Super League,ENG,Madejski Stadium,Played,Jane Simms,Reading,Brighton,3,2,1.8,0.5,NA
2021,05/02/2021,15:00,Sun,FA Women's Super League,ENG,Academy Stadium,Played,Emily Heaslip,Manchester City,Birmingham City,4,0,3.8,0,NA
2021,05/05/2021,17:30,Wed,FA Women's Super League,ENG,The Hive Stadium,Played,Amy Fearn,Tottenham,Chelsea,0,2,0.2,3.5,NA
2021,05/09/2021,14:30,Sun,FA Women's Super League,ENG,SportNation.bet Stadium,Played,Lisa Benn,Birmingham City,Tottenham,0,1,0.2,0.6,NA
2021,05/09/2021,14:30,Sun,FA Women's Super League,ENG,Cherry Red Records Fans' Stadium,Played,Stacey Pearson,Chelsea,Reading,5,0,2.4,0.3,NA
2021,05/09/2021,14:30,Sun,FA Women's Super League,ENG,Chigwell Construction Stadium,Played,Kirsty Dowle,West Ham,Manchester City,0,1,0.5,4.7,NA
2021,05/09/2021,14:30,Sun,FA Women's Super League,ENG,The People’s Pension Stadium,Played,Amy Fearn,Brighton,Bristol City,3,1,1.6,1,NA
2021,05/09/2021,14:30,Sun,FA Women's Super League,ENG,Leigh Sports Village Stadium,Played,Louise Saunders,Manchester Utd,Everton,2,0,1,0.7,NA
2021,05/09/2021,14:30,Sun,FA Women's Super League,ENG,Meadow Park,Played,Abigail Bryne,Arsenal,Aston Villa,0,0,1.2,0.2,NA
2022,09/03/2021,19:45,Fri,FA Women's Super League,ENG,Leigh Sports Village Stadium,Played,Abigail Bryne,Manchester Utd,Reading,2,0,1.6,0.2,2111
2022,09/04/2021,12:30,Sat,FA Women's Super League,ENG,The Banks's Stadium,Played,Helen Conley,Aston Villa,Leicester City,2,1,0.8,1.8,741
2022,09/04/2021,13:30,Sat,FA Women's Super League,ENG,Goodison Park,Played,Kirsty Dowle,Everton,Manchester City,0,4,0.9,1.3,5998
2022,09/04/2021,15:00,Sat,FA Women's Super League,ENG,Tottenham Hotspur Stadium,Played,Lisa Benn,Tottenham,Birmingham City,1,0,0.9,0.2,4681
2022,09/05/2021,12:30,Sun,FA Women's Super League,ENG,Emirates Stadium,Played,Rebecca Welch,Arsenal,Chelsea,3,2,1.5,1.5,8705
2022,09/05/2021,14:00,Sun,FA Women's Super League,ENG,The American Express Community Stadium,Played,Emily Heaslip,Brighton,West Ham,2,0,1.4,0.6,2264
2022,09/11/2021,11:30,Sat,FA Women's Super League,ENG,Chigwell Construction Stadium,Played,Kirsty Dowle,West Ham,Aston Villa,1,1,1.3,1.2,1106
2022,09/12/2021,12:30,Sun,FA Women's Super League,ENG,Cherry Red Records Fans' Stadium,Played,Amy Fearn,Chelsea,Everton,4,0,2.4,0.2,2379
2022,09/12/2021,14:00,Sun,FA Women's Super League,ENG,Select Car Leasing Stadium,Played,Emily Heaslip,Reading,Arsenal,0,4,0.9,1.6,1127
2022,09/12/2021,14:00,Sun,FA Women's Super League,ENG,St Andrew's Trillion Trophy Stadium,Played,Lucy May,Birmingham City,Brighton,0,5,0.9,2.2,525
2022,09/12/2021,14:00,Sun,FA Women's Super League,ENG,King Power Stadium,Played,Jane Simms,Leicester City,Manchester Utd,1,3,0.7,2.4,4473
2022,09/12/2021,18:45,Sun,FA Women's Super League,ENG,Academy Stadium,Played,Abigail Bryne,Manchester City,Tottenham,1,2,2,0.5,1126
2022,9/25/2021,11:30,Sat,FA Women's Super League,ENG,Walton Hall Park,Played,Tom Reeves,Everton,Birmingham City,3,1,1,0.2,605
2022,9/26/2021,12:30,Sun,FA Women's Super League,ENG,Leigh Sports Village Stadium,Played,Kirsty Dowle,Manchester Utd,Chelsea,1,6,1.1,3.3,2197
2022,9/26/2021,14:00,Sun,FA Women's Super League,ENG,The Hive Stadium,Played,Amy Fearn,Tottenham,Reading,1,0,2.3,0.2,621
2022,9/26/2021,14:00,Sun,FA Women's Super League,ENG,The People’s Pension Stadium,Played,Lisa Benn,Brighton,Aston Villa,0,1,0.4,0.8,1104
2022,9/26/2021,15:00,Sun,FA Women's Super League,ENG,Chigwell Construction Stadium,Played,Emily Heaslip,West Ham,Leicester City,4,0,2.7,0.4,1128
2022,9/26/2021,18:45,Sun,FA Women's Super League,ENG,Meadow Park,Played,Jane Simms,Arsenal,Manchester City,5,0,2.8,0.5,2061
2022,10/02/2021,11:30,Sat,FA Women's Super League,ENG,Cherry Red Records Fans' Stadium,Played,Amy Fearn,Chelsea,Brighton,3,1,1.9,0.3,2480
2022,10/02/2021,17:15,Sat,FA Women's Super League,ENG,Villa Park,Played,Emily Heaslip,Aston Villa,Arsenal,0,4,0.2,1.7,4780
2022,10/03/2021,14:00,Sun,FA Women's Super League,ENG,King Power Stadium,Played,Abigail Bryne,Leicester City,Tottenham,0,2,0.2,2.7,2137
2022,10/03/2021,14:00,Sun,FA Women's Super League,ENG,Academy Stadium,Played,Helen Conley,Manchester City,West Ham,0,2,1.6,0.5,1298
2022,10/03/2021,14:00,Sun,FA Women's Super League,ENG,Select Car Leasing Stadium,Played,Lucy May,Reading,Everton,0,3,0.2,2.3,740
2022,10/03/2021,18:45,Sun,FA Women's Super League,ENG,St Andrew's Trillion Trophy Stadium,Played,Lisa Benn,Birmingham City,Manchester Utd,0,2,0.2,1.7,650
2022,10/09/2021,13:30,Sat,FA Women's Super League,ENG,Leigh Sports Village Stadium,Played,Rebecca Welch,Manchester Utd,Manchester City,2,2,0.5,1.9,3797
2022,10/10/2021,12:30,Sun,FA Women's Super League,ENG,Cherry Red Records Fans' Stadium,Played,Lisa Benn,Chelsea,Leicester City,2,0,1.6,0.1,5114
2022,10/10/2021,14:00,Sun,FA Women's Super League,ENG,The People’s Pension Stadium,Played,Kirsty Dowle,Brighton,Tottenham,2,1,1.4,0.8,1353
2022,10/10/2021,14:00,Sun,FA Women's Super League,ENG,Select Car Leasing Stadium,Played,Louise Saunders,Reading,Aston Villa,3,0,0.4,0.6,578
2022,10/10/2021,15:00,Sun,FA Women's Super League,ENG,Chigwell Construction Stadium,Played,Lucy May,West Ham,Birmingham City,1,1,0.5,1.3,1142
2022,10/10/2021,15:00,Sun,FA Women's Super League,ENG,Meadow Park,Played,Helen Conley,Arsenal,Everton,3,0,1.6,0.2,2165
2022,11/06/2021,12:30,Sat,FA Women's Super League,ENG,The Banks's Stadium,Played,Abigail Bryne,Aston Villa,Chelsea,0,1,0.1,1.7,715
2022,11/06/2021,17:30,Sat,FA Women's Super League,ENG,Walton Hall Park,Played,Lucy May,Everton,Brighton,0,1,0.9,0.4,502
2022,11/07/2021,12:15,Sun,FA Women's Super League,ENG,The Hive Stadium,Played,Emily Heaslip,Tottenham,Manchester Utd,1,1,0.2,0.9,1308
2022,11/07/2021,14:00,Sun,FA Women's Super League,ENG,St Andrew's Trillion Trophy Stadium,Played,Louise Saunders,Birmingham City,Reading,0,3,0.1,2.3,298
2022,11/07/2021,14:00,Sun,FA Women's Super League,ENG,King Power Stadium,Played,Helen Conley,Leicester City,Manchester City,1,4,0.4,2,242
2022,11/07/2021,18:45,Sun,FA Women's Super League,ENG,Meadow Park,Played,Kirsty Dowle,Arsenal,West Ham,4,0,2.6,0.4,1736
2022,11/13/2021,13:30,Sat,FA Women's Super League,ENG,The Hive Stadium,Played,Amy Fearn,Tottenham,Arsenal,1,1,1.2,1.6,2896
2022,11/14/2021,12:30,Sun,FA Women's Super League,ENG,Walton Hall Park,Played,Louise Saunders,Everton,Manchester Utd,1,1,1,1.1,840
2022,11/14/2021,14:00,Sun,FA Women's Super League,ENG,St Andrew's Trillion Trophy Stadium,Played,Kirsty Dowle,Birmingham City,Aston Villa,0,1,0.7,0.4,1386
2022,11/14/2021,14:00,Sun,FA Women's Super League,ENG,The People’s Pension Stadium,Played,Ryan Atkin,Brighton,Leicester City,1,0,0.3,0.4,3566
2022,11/14/2021,15:00,Sun,FA Women's Super League,ENG,Chigwell Construction Stadium,Played,Emily Heaslip,West Ham,Reading,2,2,1.4,0.3,1496
2022,11/14/2021,15:00,Sun,FA Women's Super League,ENG,Academy Stadium,Played,Rebecca Welch,Manchester City,Chelsea,0,4,1.1,1.5,3174
2022,11/20/2021,11:30,Sat,FA Women's Super League,ENG,Academy Stadium,Played,Abigail Bryne,Manchester City,Aston Villa,5,0,2.2,0,1098
2022,11/21/2021,12:15,Sun,FA Women's Super League,ENG,Leigh Sports Village Stadium,Played,Emily Heaslip,Manchester Utd,Arsenal,0,2,0.7,1.6,2186
2022,11/21/2021,14:00,Sun,FA Women's Super League,ENG,Pirelli Stadium,Played,Lucy May,Leicester City,Everton,0,1,0.2,2.7,685
2022,11/21/2021,14:00,Sun,FA Women's Super League,ENG,Cherry Red Records Fans' Stadium,Played,Naguy Maertens,Chelsea,Birmingham City,5,0,4.6,0,2704
2022,11/21/2021,14:00,Sun,FA Women's Super League,ENG,Select Car Leasing Stadium,Played,Helen Conley,Reading,Brighton,2,0,1,0.5,733
2022,11/21/2021,15:00,Sun,FA Women's Super League,ENG,Chigwell Construction Stadium,Played,Lisa Benn,West Ham,Tottenham,1,0,0.5,0.6,1242
2022,12/11/2021,11:30,Sat,FA Women's Super League,ENG,Select Car Leasing Stadium,Played,Louise Saunders,Reading,Chelsea,1,0,0.2,1.7,742
2022,12/12/2021,12:30,Sun,FA Women's Super League,ENG,The People’s Pension Stadium,Played,Abigail Bryne,Brighton,Manchester Utd,0,2,0.3,1.7,1776
2022,12/12/2021,13:00,Sun,FA Women's Super League,ENG,Walton Hall Park,Played,Lucy May,Everton,West Ham,1,1,1.1,1.8,432
2022,12/12/2021,14:00,Sun,FA Women's Super League,ENG,St Andrew's Trillion Trophy Stadium,Played,Helen Conley,Birmingham City,Manchester City,2,3,1.8,2.4,812
2022,12/12/2021,18:00,Sun,FA Women's Super League,ENG,The Banks's Stadium,Played,Kirsty Dowle,Aston Villa,Tottenham,1,2,0.6,1.2,385
2022,12/12/2021,18:45,Sun,FA Women's Super League,ENG,Meadow Park,Played,Emily Heaslip,Arsenal,Leicester City,4,0,2.7,0.1,1316
2022,12/19/2021,12:00,Sun,FA Women's Super League,ENG,Leigh Sports Village Stadium,Played,Rebecca Welch,Manchester Utd,Aston Villa,5,0,2.2,0.5,1001
2022,12/19/2021,14:00,Sun,FA Women's Super League,ENG,The Hive Stadium,Played,Naguy Maertens,Tottenham,Everton,1,0,0.4,0.7,576
2022,12/19/2021,14:00,Sun,FA Women's Super League,ENG,King Power Stadium,Played,Lisa Benn,Leicester City,Birmingham City,2,0,0.7,0.9,2124
2022,01/09/2022,12:00,Sun,FA Women's Super League,ENG,The People’s Pension Stadium,Played,Emily Heaslip,Brighton,Manchester City,0,6,0.1,1.6,1345
2022,01/09/2022,14:00,Sun,FA Women's Super League,ENG,St Andrew's Trillion Trophy Stadium,Played,Lucy May,Birmingham City,Arsenal,2,0,0.7,0.6,582
2022,01/09/2022,14:00,Sun,FA Women's Super League,ENG,Select Car Leasing Stadium,Played,Louise Saunders,Reading,Leicester City,1,0,1.1,0.4,501
2022,1/15/2022,12:00,Sat,FA Women's Super League,ENG,Leigh Sports Village Stadium,Played,Kirsty Dowle,Manchester Utd,Birmingham City,5,0,1.7,0.1,1015
2022,1/15/2022,12:30,Sat,FA Women's Super League,ENG,The Banks's Stadium,Played,Louise Saunders,Aston Villa,Manchester City,0,3,0.1,1.9,483
2022,1/16/2022,14:00,Sun,FA Women's Super League,ENG,King Power Stadium,Played,Abigail Bryne,Leicester City,Brighton,1,0,0.4,0.2,1667
2022,1/16/2022,18:45,Sun,FA Women's Super League,ENG,The Hive Stadium,Played,Amy Fearn,Tottenham,West Ham,1,1,1.6,0.2,678
2022,1/23/2022,12:00,Sun,FA Women's Super League,ENG,Leigh Sports Village Stadium,Played,Lucy May,Manchester Utd,Tottenham,3,0,0.8,0.8,1519
2022,1/23/2022,12:30,Sun,FA Women's Super League,ENG,The People’s Pension Stadium,Played,Kirsty Dowle,Brighton,Chelsea,0,0,0.1,1.8,1743
2022,1/23/2022,14:00,Sun,FA Women's Super League,ENG,Select Car Leasing Stadium,Played,Lisa Benn,Reading,Birmingham City,3,2,1.5,0.7,552
2022,1/23/2022,14:00,Sun,FA Women's Super League,ENG,Pirelli Stadium,Played,Naguy Maertens,Leicester City,Aston Villa,1,2,0.4,0.6,616
2022,1/23/2022,15:00,Sun,FA Women's Super League,ENG,Chigwell Construction Stadium,Played,Lauren Impey,West Ham,Everton,3,0,1.5,0.3,1372
2022,1/23/2022,18:45,Sun,FA Women's Super League,ENG,Academy Stadium,Played,Abigail Bryne,Manchester City,Arsenal,1,1,1.1,0.2,2355
2022,1/26/2022,19:00,Wed,FA Women's Super League,ENG,Cherry Red Records Fans' Stadium,Played,Ryan Atkin,Chelsea,West Ham,2,0,1.5,0,2554
2022,1/27/2022,19:30,Thu,FA Women's Super League,ENG,Meadow Park,Played,Kirsty Dowle,Arsenal,Brighton,2,1,1.1,0.1,1617
2022,02/05/2022,12:30,Sat,FA Women's Super League,ENG,Meadow Park,Played,Naguy Maertens,Arsenal,Manchester Utd,1,1,2.3,1.7,2385
2022,02/06/2022,12:30,Sun,FA Women's Super League,ENG,Cherry Red Records Fans' Stadium,Played,Amy Fearn,Chelsea,Manchester City,1,0,1.6,1,3321
2022,02/06/2022,13:00,Sun,FA Women's Super League,ENG,Walton Hall Park,Played,Andrew Kitchen,Everton,Reading,1,2,2,2.8,242
2022,02/06/2022,14:00,Sun,FA Women's Super League,ENG,St Andrew's Trillion Trophy Stadium,Played,Rob Whitton,Birmingham City,Leicester City,1,2,0.7,3.6,810
2022,02/06/2022,14:00,Sun,FA Women's Super League,ENG,The Hive Stadium,Played,Lauren Impey,Tottenham,Brighton,4,0,2.6,0.6,557
2022,02/06/2022,18:00,Sun,FA Women's Super League,ENG,The Banks's Stadium,Played,Lucy May,Aston Villa,West Ham,1,2,1.8,1.6,334
2022,02/11/2022,19:45,Fri,FA Women's Super League,ENG,Cherry Red Records Fans' Stadium,Played,Rebecca Welch,Chelsea,Arsenal,0,0,0.8,0.8,3330
2022,2/13/2022,12:30,Sun,FA Women's Super League,ENG,Academy Stadium,Played,Kirsty Dowle,Manchester City,Manchester Utd,1,0,1.4,0.2,5317
2022,2/13/2022,13:00,Sun,FA Women's Super League,ENG,Walton Hall Park,Played,Naguy Maertens,Everton,Aston Villa,0,2,1.2,1.2,419
2022,2/13/2022,14:00,Sun,FA Women's Super League,ENG,King Power Stadium,Played,Abigail Bryne,Leicester City,West Ham,3,0,1.7,0.2,551
2022,2/13/2022,14:00,Sun,FA Women's Super League,ENG,St Andrew's Trillion Trophy Stadium,Played,Emily Heaslip,Birmingham City,Tottenham,0,2,0.2,2.1,487
2022,2/13/2022,14:00,Sun,FA Women's Super League,ENG,The People’s Pension Stadium,Played,Carl Brook,Brighton,Reading,4,1,2.1,0.4,1159
2022,03/02/2022,19:00,Wed,FA Women's Super League,ENG,The Banks's Stadium,Played,Robert Massey Ellis,Aston Villa,Everton,0,1,0.8,1.2,324
2022,03/02/2022,19:15,Wed,FA Women's Super League,ENG,Meadow Park,Played,James Bell,Arsenal,Reading,4,0,2.4,0.1,1554
2022,03/05/2022,11:30,Sat,FA Women's Super League,ENG,The Banks's Stadium,Played,Louise Saunders,Aston Villa,Brighton,0,1,0.6,1.1,496
2022,03/05/2022,12:00,Sat,FA Women's Super League,ENG,Leigh Sports Village Stadium,Played,Amy Fearn,Manchester Utd,Leicester City,4,0,2.3,0.3,1103
2022,03/06/2022,12:00,Sun,FA Women's Super League,ENG,Meadow Park,Played,Robert Massey Ellis,Arsenal,Birmingham City,4,2,2.4,1.2,1700
2022,03/06/2022,14:00,Sun,FA Women's Super League,ENG,Select Car Leasing Stadium,Played,Lauren Impey,Reading,Tottenham,0,0,0.6,0.6,960
2022,03/10/2022,19:45,Thu,FA Women's Super League,ENG,Chigwell Construction Stadium,Played,Carl Brook,West Ham,Chelsea,1,4,1,1.7,1735
2022,03/12/2022,11:30,Sat,FA Women's Super League,ENG,Select Car Leasing Stadium,Played,Lucy May,Reading,Manchester Utd,1,3,2.1,1.4,1371
2022,03/12/2022,17:30,Sat,FA Women's Super League,ENG,Walton Hall Park,Played,Kirsty Dowle,Everton,Leicester City,3,2,1.3,1.2,574
2022,3/13/2022,12:30,Sun,FA Women's Super League,ENG,The Hive Stadium,Played,Emily Heaslip,Tottenham,Manchester City,0,1,0.1,1,1303
2022,3/13/2022,13:00,Sun,FA Women's Super League,ENG,Cherry Red Records Fans' Stadium,Played,Abigail Bryne,Chelsea,Aston Villa,1,0,1.7,0.4,2655
2022,3/13/2022,14:00,Sun,FA Women's Super League,ENG,St Andrew's Trillion Trophy Stadium,Played,Louise Saunders,Birmingham City,West Ham,0,1,0.5,0.6,587
2022,3/13/2022,18:45,Sun,FA Women's Super League,ENG,The People’s Pension Stadium,Played,Tom Reeves,Brighton,Arsenal,0,3,0.4,1.9,2535
2022,3/16/2022,19:00,Wed,FA Women's Super League,ENG,Academy Stadium,Played,Anthony Backhouse,Manchester City,Reading,2,0,2.9,0.1,1126
2022,3/16/2022,19:30,Wed,FA Women's Super League,ENG,Chigwell Construction Stadium,Played,Daniel Lamport,West Ham,Manchester Utd,1,1,0.4,0.5,1425
2022,3/16/2022,19:00,Wed,FA Women's Super League,ENG,Walton Hall Park,Played,James Bell,Everton,Chelsea,0,3,0.1,1.2,574
2022,3/23/2022,19:00,Wed,FA Women's Super League,ENG,Academy Stadium,Played,Scott Jackson,Manchester City,Everton,4,0,2.2,0,1119
2022,3/26/2022,12:30,Sat,FA Women's Super League,ENG,The Banks's Stadium,Played,Lauren Impey,Aston Villa,Reading,1,1,1.3,1.2,461
2022,3/27/2022,12:30,Sun,FA Women's Super League,ENG,Old Trafford,Played,Helen Conley,Manchester Utd,Everton,3,1,1.5,0.4,20241
2022,3/27/2022,15:00,Sun,FA Women's Super League,ENG,King Power Stadium,Played,Abigail Bryne,Leicester City,Chelsea,0,9,0.4,3.5,2278
2022,3/27/2022,15:00,Sun,FA Women's Super League,ENG,Chigwell Construction Stadium,Played,Paul Howard,West Ham,Brighton,0,2,0.5,0.7,1411
2022,04/01/2022,19:00,Fri,FA Women's Super League,ENG,St Andrew's Trillion Trophy Stadium,Played,Amy Fearn,Birmingham City,Everton,0,0,0.2,1.6,537
2022,04/02/2022,11:30,Sat,FA Women's Super League,ENG,Chigwell Construction Stadium,Played,Lucy May,West Ham,Manchester City,0,2,0.3,2,1475
2022,04/03/2022,12:00,Sun,FA Women's Super League,ENG,Leigh Sports Village Stadium,Played,Abigail Bryne,Manchester Utd,Brighton,1,0,1.2,0.6,1524
2022,04/03/2022,12:30,Sun,FA Women's Super League,ENG,King Power Stadium,Played,Rebecca Welch,Leicester City,Arsenal,0,5,0.2,3.1,2158
2022,04/03/2022,14:00,Sun,FA Women's Super League,ENG,The Hive Stadium,Played,Richie Watkins,Tottenham,Aston Villa,0,1,0.5,0.2,508
2022,04/03/2022,18:45,Sun,FA Women's Super League,ENG,Cherry Red Records Fans' Stadium,Played,Emily Heaslip,Chelsea,Reading,5,0,3,0.1,2485
2022,4/23/2022,14:00,Sat,FA Women's Super League,ENG,The People’s Pension Stadium,Played,Naguy Maertens,Brighton,Birmingham City,1,3,1.2,0.6,1206
2022,4/24/2022,14:00,Sun,FA Women's Super League,ENG,Select Car Leasing Stadium,Played,Tom Reeves,Reading,West Ham,1,2,0.6,2.2,600
2022,4/24/2022,14:00,Sun,FA Women's Super League,ENG,Academy Stadium,Played,Louise Saunders,Manchester City,Leicester City,4,0,2.6,0.1,1895
2022,4/24/2022,14:30,Sun,FA Women's Super League,ENG,The Hive Stadium,Played,Lisa Benn,Tottenham,Chelsea,1,3,0.3,1.3,2161
2022,4/24/2022,18:00,Sun,FA Women's Super League,ENG,The Banks's Stadium,Played,Emily Heaslip,Aston Villa,Manchester Utd,0,0,0.2,2,941
2022,4/24/2022,18:45,Sun,FA Women's Super League,ENG,Walton Hall Park,Played,Kirsty Dowle,Everton,Arsenal,0,3,0.1,1.9,583
2022,4/28/2022,19:45,Thu,FA Women's Super League,ENG,Cherry Red Records Fans' Stadium,Played,Jack Packman,Chelsea,Tottenham,2,1,1.8,0.1,3660
2022,4/30/2022,11:30,Sat,FA Women's Super League,ENG,Academy Stadium,Played,Amy Fearn,Manchester City,Brighton,7,2,3.3,1.4,1377
2022,05/01/2022,12:00,Sun,FA Women's Super League,ENG,Leigh Sports Village Stadium,Played,Lucy May,Manchester Utd,West Ham,3,0,2.1,0.4,2546
2022,05/01/2022,14:00,Sun,FA Women's Super League,ENG,King Power Stadium,Played,Richie Watkins,Leicester City,Reading,0,0,1.2,0.7,2244
2022,05/01/2022,14:15,Sun,FA Women's Super League,ENG,Meadow Park,Played,Lisa Benn,Arsenal,Aston Villa,7,0,3.1,0.1,2305
2022,05/01/2022,18:45,Sun,FA Women's Super League,ENG,St Andrew's Trillion Trophy Stadium,Played,Emily Heaslip,Birmingham City,Chelsea,0,1,0.5,2,1429
2022,05/01/2022,19:30,Sun,FA Women's Super League,ENG,Walton Hall Park,Played,Lauren Impey,Everton,Tottenham,2,2,1.2,2.6,462
2022,05/04/2022,19:00,Wed,FA Women's Super League,ENG,Academy Stadium,Played,Jane Simms,Manchester City,Birmingham City,6,0,3.1,0,1207
2022,05/04/2022,19:15,Wed,FA Women's Super League,ENG,Emirates Stadium,Played,Louise Saunders,Arsenal,Tottenham,3,0,1.5,1.1,12800
2022,05/08/2022,12:00,Sun,FA Women's Super League,ENG,Select Car Leasing Stadium,Played,Naguy Maertens,Reading,Manchester City,0,4,0.3,2.8,1200
2022,05/08/2022,12:00,Sun,FA Women's Super League,ENG,The People’s Pension Stadium,Played,Louise Saunders,Brighton,Everton,1,1,0.7,0.6,1371
2022,05/08/2022,12:00,Sun,FA Women's Super League,ENG,Cherry Red Records Fans' Stadium,Played,Abigail Bryne,Chelsea,Manchester Utd,4,2,1.4,0.6,4378
2022,05/08/2022,12:00,Sun,FA Women's Super League,ENG,Tottenham Hotspur Stadium,Played,Kirsty Dowle,Tottenham,Leicester City,1,0,1.1,0.6,3994
2022,05/08/2022,12:00,Sun,FA Women's Super League,ENG,Chigwell Construction Stadium,Played,Emily Heaslip,West Ham,Arsenal,0,2,0.5,1.2,2585
2022,05/08/2022,12:00,Sun,FA Women's Super League,ENG,Villa Park,Played,Rebecca Welch,Aston Villa,Birmingham City,0,1,1,0.5,8367
2023,9/16/2022,19:30,Fri,FA Women's Super League,ENG,Meadow Park,Played,Lisa Benn,Arsenal,Brighton,4,0,3.6,0.3,3238
2023,9/17/2022,12:00,Sat,FA Women's Super League,ENG,Leigh Sports Village Stadium,Played,Abigail Bryne,Manchester Utd,Reading,4,0,2.3,0,7315
2023,9/18/2022,12:30,Sun,FA Women's Super League,ENG,Villa Park,Played,Louise Saunders,Aston Villa,Manchester City,4,3,1.4,0.7,6785
2023,9/18/2022,15:00,Sun,FA Women's Super League,ENG,Chigwell Construction Stadium,Played,Lauren Impey,West Ham,Everton,1,0,0.4,0.6,1118
2023,9/18/2022,15:00,Sun,FA Women's Super League,ENG,King Power Stadium,Played,Kirsty Dowle,Leicester City,Tottenham,1,2,0.3,0.3,2868
2023,9/18/2022,17:00,Sun,FA Women's Super League,ENG,Prenton Park,Played,Emily Heaslip,Liverpool,Chelsea,2,1,2,1.3,3006
2023,9/24/2022,13:30,Sat,FA Women's Super League,ENG,Emirates Stadium,Played,Rebecca Welch,Arsenal,Tottenham,4,0,1.5,0.2,47367
2023,9/25/2022,14:00,Sun,FA Women's Super League,ENG,The American Express Community Stadium,Played,Lauren Impey,Brighton,Reading,2,1,1.8,1.4,5220
2023,9/25/2022,15:00,Sun,FA Women's Super League,ENG,Chigwell Construction Stadium,Played,Emily Heaslip,West Ham,Manchester Utd,0,2,0.6,1.2,2104
2023,9/25/2022,15:00,Sun,FA Women's Super League,ENG,King Power Stadium,Played,Thomas Parsons,Leicester City,Aston Villa,0,2,0.8,1.4,2713
2023,9/25/2022,16:00,Sun,FA Women's Super League,ENG,Cherry Red Records Fans' Stadium,Played,Abigail Bryne,Chelsea,Manchester City,2,0,1.4,0.9,4403
2023,9/25/2022,18:45,Sun,FA Women's Super League,ENG,Prenton Park,Played,Andrew Kitchen,Liverpool,Everton,0,3,1.4,1.3,27574
2023,9/28/2022,19:05,Wed,FA Women's Super League,ENG,Stamford Bridge,Played,Tom Reeves,Chelsea,West Ham,3,1,2.5,0.2,2842
2023,9/29/2022,18:30,Thu,FA Women's Super League,ENG,Walton Hall Park,Played,Cheryl Foster,Everton,Leicester City,1,0,0.3,0.2,724
2023,10/15/2022,12:30,Sat,FA Women's Super League,ENG,Poundland Bescot Stadium,Played,Cheryl Foster,Aston Villa,West Ham,1,2,2.3,1,1753
2023,10/16/2022,12:00,Sun,FA Women's Super League,ENG,Leigh Sports Village Stadium,Played,Emily Heaslip,Manchester Utd,Brighton,4,0,1.5,0.4,3685
2023,10/16/2022,13:00,Sun,FA Women's Super League,ENG,Walton Hall Park,Played,Lauren Impey,Everton,Chelsea,1,3,0.7,2.3,1668
2023,10/16/2022,14:00,Sun,FA Women's Super League,ENG,The Breyer Group Stadium,Played,Abigail Bryne,Tottenham,Liverpool,1,0,1.1,0.5,2105
2023,10/16/2022,14:00,Sun,FA Women's Super League,ENG,Academy Stadium,Played,Farai Hallam,Manchester City,Leicester City,4,0,3.3,0.2,2853
2023,10/16/2022,18:45,Sun,FA Women's Super League,ENG,Select Car Leasing Stadium,Played,Louise Saunders,Reading,Arsenal,0,1,0.7,2.1,3660
2023,10/22/2022,11:30,Sat,FA Women's Super League,ENG,The Breyer Group Stadium,Played,Emily Heaslip,Tottenham,Manchester City,0,3,0.1,0.9,1888
2023,10/22/2022,12:30,Sat,FA Women's Super League,ENG,The Breyer Group Stadium,Played,Kirsty Dowle,Aston Villa,Everton,0,1,0.7,0.8,1636
2023,10/23/2022,12:00,Sun,FA Women's Super League,ENG,Prenton Park,Played,Anthony Backhouse,Liverpool,Arsenal,0,2,0.7,1.4,3348
2023,10/23/2022,15:00,Sun,FA Women's Super League,ENG,King Power Stadium,Played,Neil Hair,Leicester City,Manchester Utd,0,1,0.3,0.8,4007
2023,10/23/2022,15:00,Sun,FA Women's Super League,ENG,Chigwell Construction Stadium,Played,Lauren Impey,West Ham,Reading,3,2,1.6,1.4,1041
2023,10/23/2022,18:45,Sun,FA Women's Super League,ENG,The People’s Pension Stadium,Played,Abigail Bryne,Brighton,Chelsea,0,2,1,2,3626
2023,10/30/2022,14:00,Sun,FA Women's Super League,ENG,Select Car Leasing Stadium,Played,Emily Heaslip,Reading,Leicester City,2,1,0.4,0.3,1559
2023,10/30/2022,14:00,Sun,FA Women's Super League,ENG,Academy Stadium,Played,Kirsty Dowle,Manchester City,Liverpool,2,1,2.1,0.9,4002
2023,10/30/2022,14:00,Sun,FA Women's Super League,ENG,The People’s Pension Stadium,Played,Louise Saunders,Brighton,Tottenham,0,8,0.8,2.8,2514
2023,10/30/2022,14:00,Sun,FA Women's Super League,ENG,Walton Hall Park,Played,Adam Herczeg,Everton,Manchester Utd,0,3,0.3,0.7,1752
2023,10/30/2022,14:00,Sun,FA Women's Super League,ENG,Cherry Red Records Fans' Stadium,Played,Martin Woods,Chelsea,Aston Villa,3,1,1.7,0.6,4373
2023,10/30/2022,18:45,Sun,FA Women's Super League,ENG,Meadow Park,Played,Abigail Bryne,Arsenal,West Ham,3,1,1.6,1.3,3988
2023,11/06/2022,14:00,Sun,FA Women's Super League,ENG,King Power Stadium,Played,Amy Fearn,Leicester City,Arsenal,0,4,0.2,1.9,3590
2023,11/06/2022,14:00,Sun,FA Women's Super League,ENG,Select Car Leasing Stadium,Played,Abigail Byrne,Reading,Manchester City,0,3,0.1,1.4,1911
2023,11/06/2022,14:00,Sun,FA Women's Super League,ENG,Prenton Park,Played,Robert Massey Ellis,Liverpool,Aston Villa,0,1,1.1,1.5,1719
2023,11/06/2022,15:00,Sun,FA Women's Super League,ENG,Chigwell Construction Stadium,Played,Emily Heaslip,West Ham,Brighton,4,5,1.1,3.5,1129
2023,11/06/2022,18:45,Sun,FA Women's Super League,ENG,Leigh Sports Village Stadium,Played,Cheryl Foster,Manchester Utd,Chelsea,1,3,0.5,1.2,6186
2023,11/19/2022,15:00,Sat,FA Women's Super League,ENG,Walton Hall Park,Played,Emily Heaslip,Everton,Manchester City,1,2,0.4,3.7,960
2023,11/19/2022,17:30,Sat,FA Women's Super League,ENG,Emirates Stadium,Played,Kirsty Dowle,Arsenal,Manchester Utd,2,3,0.8,0.9,40604
2023,11/20/2022,13:00,Sun,FA Women's Super League,ENG,Stamford Bridge,Played,Rebecca Welch,Chelsea,Tottenham,3,0,1.5,0.7,38350
2023,11/20/2022,14:00,Sun,FA Women's Super League,ENG,Villa Park,Played,Adam Herczeg,Aston Villa,Reading,3,1,2.4,0.4,4566
2023,11/20/2022,14:00,Sun,FA Women's Super League,ENG,The People’s Pension Stadium,Played,Abigail Byrne,Brighton,Liverpool,3,3,1.5,1.3,2980
2023,11/20/2022,15:00,Sun,FA Women's Super League,ENG,Chigwell Construction Stadium,Played,Louise Saunders,West Ham,Leicester City,1,0,0.6,1.3,1038
2023,11/24/2022,19:00,Thu,FA Women's Super League,ENG,Select Car Leasing Stadium,Played,Amy Fearn,Reading,Liverpool,3,3,1.7,1.1,1479
2023,12/03/2022,12:30,Sat,FA Women's Super League,ENG,Old Trafford,Played,Louise Saunders,Manchester Utd,Aston Villa,5,0,2.3,0.4,30196
2023,12/03/2022,14:00,Sat,FA Women's Super League,ENG,Meadow Park,Played,Sunny Gill,Arsenal,Everton,1,0,3.1,1.3,3935
2023,12/03/2022,15:00,Sat,FA Women's Super League,ENG,King Power Stadium,Played,Amy Fearn,Leicester City,Chelsea,0,8,0.2,4.1,3023
2023,12/04/2022,12:30,Sun,FA Women's Super League,ENG,Select Car Leasing Stadium,Played,Carl Brook,Reading,Tottenham,1,0,1.3,0.9,1052
2023,12/04/2022,14:00,Sun,FA Women's Super League,ENG,Academy Stadium,Played,Cheryl Foster,Manchester City,Brighton,3,1,3,1,1696
2023,12/04/2022,14:00,Sun,FA Women's Super League,ENG,Prenton Park,Played,Neil Hair,Liverpool,West Ham,2,0,2.3,0.3,1075
2023,12/11/2022,12:30,Sun,FA Women's Super League,ENG,Etihad Stadium,Played,Abigail Byrne,Manchester City,Manchester Utd,1,1,1.6,1.1,44259
2023,12/11/2022,14:00,Sun,FA Women's Super League,ENG,The Breyer Group Stadium,Played,Richie Watkins,Tottenham,West Ham,0,2,1,1.8,1391
2023,12/11/2022,16:15,Sun,FA Women's Super League,ENG,Villa Park,Played,Paul Howard,Aston Villa,Arsenal,1,4,0.5,1.7,6013
2023,12/11/2022,18:45,Sun,FA Women's Super League,ENG,Cherry Red Records Fans' Stadium,Played,Kirsty Dowle,Chelsea,Reading,3,2,2,0.9,1184
2023,12/14/2022,19:00,Wed,FA Women's Super League,ENG,The Breyer Group Stadium,Played,Kirsty Dowle,Tottenham,Everton,0,3,0.4,1.3,303
2023,1/14/2023,12:30,Sat,FA Women's Super League,ENG,Poundland Bescot Stadium,Played,Thomas Kirk,Aston Villa,Tottenham,2,1,0.9,0.8,2049
2023,1/15/2023,12:00,Sun,FA Women's Super League,ENG,Emirates Stadium,Played,Emily Heaslip,Arsenal,Chelsea,1,1,1.6,1.3,46881
2023,1/15/2023,13:00,Sun,FA Women's Super League,ENG,Walton Hall Park,Played,Tom Reeves,Everton,Reading,3,2,1.1,0.9,616
2023,1/15/2023,14:05,Sun,FA Women's Super League,ENG,Leigh Sports Village Stadium,Played,Kirsty Dowle,Manchester Utd,Liverpool,6,0,2.7,0.2,7662
2023,1/15/2023,15:00,Sun,FA Women's Super League,ENG,King Power Stadium,Played,Cheryl Foster,Leicester City,Brighton,3,0,1.4,0.7,2329
2023,1/15/2023,18:45,Sun,FA Women's Super League,ENG,Chigwell Construction Stadium,Played,Amy Fearn,West Ham,Manchester City,0,1,0.8,3.7,1586
2023,1/21/2023,11:30,Sat,FA Women's Super League,ENG,Academy Stadium,Played,Cheryl Foster,Manchester City,Aston Villa,1,1,2,0.7,NA
2023,1/22/2023,14:00,Sun,FA Women's Super League,ENG,Walton Hall Park,Played,Tom Nield,Everton,West Ham,3,0,0.8,0.7,NA
2023,1/22/2023,14:00,Sun,FA Women's Super League,ENG,Select Car Leasing Stadium,Played,Richie Watkins,Reading,Manchester Utd,0,1,0.3,2.4,5108
2023,02/04/2023,11:30,Sat,FA Women's Super League,ENG,King Power Stadium,Played,Amy Fearn,Leicester City,Manchester City,0,2,0.3,3.4,NA
2023,02/04/2023,12:30,Sat,FA Women's Super League,ENG,Poundland Bescot Stadium,Played,Louise Saunders,Aston Villa,Brighton,1,1,0.9,0.6,1365
2023,02/05/2023,12:00,Sun,FA Women's Super League,ENG,Leigh Sports Village Stadium,Played,Emily Heaslip,Manchester Utd,Everton,0,0,2.1,0.4,5040
2023,02/05/2023,12:30,Sun,FA Women's Super League,ENG,The Breyer Group Stadium,Played,Abigail Byrne,Tottenham,Chelsea,2,3,1.1,0.7,NA
2023,02/05/2023,14:00,Sun,FA Women's Super League,ENG,Prenton Park,Played,Jane Simms,Liverpool,Reading,2,0,0.7,0.5,NA
2023,02/05/2023,18:45,Sun,FA Women's Super League,ENG,Chigwell Construction Stadium,Played,Richie Watkins,West Ham,Arsenal,0,0,0.1,1.6,2632
2023,02/11/2023,12:30,Sat,FA Women's Super League,ENG,Academy Stadium,Played,Rebecca Welch,Manchester City,Arsenal,2,1,2.3,0.3,4542
2023,02/12/2023,12:00,Sun,FA Women's Super League,ENG,Tottenham Hotspur Stadium,Played,Amy Fearn,Tottenham,Manchester Utd,1,2,0.3,0.8,NA
2023,02/12/2023,14:00,Sun,FA Women's Super League,ENG,The American Express Community Stadium,Played,Naguy Maertens,Brighton,Aston Villa,2,6,1.1,2.3,2593
2023,02/12/2023,14:00,Sun,FA Women's Super League,ENG,Prenton Park,Played,Richie Watkins,Liverpool,Leicester City,0,1,0.8,0.6,NA
2023,03/05/2023,12:30,Sun,FA Women's Super League,ENG,Leigh Sports Village Stadium,Played,Melissa Burgin,Manchester Utd,Leicester City,5,1,3.5,0.2,3600
2023,03/05/2023,13:00,Sun,FA Women's Super League,ENG,Walton Hall Park,Played,Amy Fearn,Everton,Aston Villa,0,2,0.4,1.1,NA
2023,03/05/2023,14:00,Sun,FA Women's Super League,ENG,Select Car Leasing Stadium,Played,Lisa Benn,Reading,West Ham,2,1,1.2,0.9,NA
2023,03/05/2023,14:00,Sun,FA Women's Super League,ENG,Academy Stadium,Played,Abigail Byrne,Manchester City,Tottenham,3,1,2.4,0.8,NA
2023,03/08/2023,19:15,Wed,FA Women's Super League,ENG,Meadow Park,Played,Emily Heaslip,Arsenal,Liverpool,2,0,2.6,0.2,NA
2023,03/08/2023,19:30,Wed,FA Women's Super League,ENG,Cherry Red Records Fans' Stadium,Played,Abigail Byrne,Chelsea,Brighton,3,1,2.8,0.3,916
2023,03/12/2023,12:30,Sun,FA Women's Super League,ENG,Cherry Red Records Fans' Stadium,Played,Cheryl Foster,Chelsea,Manchester Utd,1,0,1.1,0.8,3277
2023,03/12/2023,14:00,Sun,FA Women's Super League,ENG,The People’s Pension Stadium,Played,Yoshimi Yamashita,Brighton,Manchester City,1,2,0.4,2.7,3500
2023,03/12/2023,14:00,Sun,FA Women's Super League,ENG,Prenton Park,Played,Jane Simms,Liverpool,Tottenham,2,1,0.8,0.6,NA
2023,03/12/2023,15:00,Sun,FA Women's Super League,ENG,King Power Stadium,Played,Stacey Fullicks,Leicester City,Everton,0,0,0.9,1.7,1237
2023,03/12/2023,15:00,Sun,FA Women's Super League,ENG,Chigwell Construction Stadium,Played,James Bell,West Ham,Aston Villa,1,2,1.4,0.8,NA
2023,03/12/2023,18:45,Sun,FA Women's Super League,ENG,Meadow Park,Played,Amy Fearn,Arsenal,Reading,4,0,4.2,0.2,3964
2023,3/15/2023,19:00,Wed,FA Women's Super League,ENG,The Breyer Group Stadium,Played,Yoshimi Yamashita,Tottenham,Leicester City,1,0,0.6,0.4,NA
2023,3/24/2023,19:30,Fri,FA Women's Super League,ENG,Walton Hall Park,Played,Lauren Impey,Everton,Liverpool,1,1,1.3,1.5,22161
2023,3/25/2023,15:00,Sat,FA Women's Super League,ENG,The Breyer Group Stadium,Played,Louise Saunders,Tottenham,Arsenal,1,5,1,3,NA
2023,3/25/2023,17:30,Sat,FA Women's Super League,ENG,Old Trafford,Played,Emily Heaslip,Manchester Utd,West Ham,4,0,2.3,0.5,27919
2023,3/26/2023,12:40,Sun,FA Women's Super League,ENG,Academy Stadium,Played,Paul Howard,Manchester City,Chelsea,2,0,0.9,0.6,5222
2023,3/26/2023,14:00,Sun,FA Women's Super League,ENG,Select Car Leasing Stadium,Played,Robert Madley,Reading,Brighton,2,2,1.7,2.2,NA
2023,3/26/2023,14:00,Sun,FA Women's Super League,ENG,Villa Park,Played,Jane Simms,Aston Villa,Leicester City,5,0,2,0.9,6489
2023,04/01/2023,11:30,Sat,FA Women's Super League,ENG,The People’s Pension Stadium,Played,Stacey Fullicks,Brighton,Manchester Utd,0,4,0.6,2.3,4375
2023,04/02/2023,12:30,Sun,FA Women's Super League,ENG,Meadow Park,Played,Abigail Byrne,Arsenal,Manchester City,2,1,1,1.4,3980
2023,04/02/2023,13:00,Sun,FA Women's Super League,ENG,Walton Hall Park,Played,Lisa Benn,Everton,Tottenham,2,1,0.7,0.4,NA
2023,04/02/2023,15:00,Sun,FA Women's Super League,ENG,King Power Stadium,Played,Richie Watkins,Leicester City,Reading,2,1,1.2,0.5,NA
2023,04/02/2023,17:00,Sun,FA Women's Super League,ENG,Chigwell Construction Stadium,Played,Jane Simms,West Ham,Liverpool,0,0,0.1,0.5,2014
2023,04/02/2023,18:45,Sun,FA Women's Super League,ENG,Poundland Bescot Stadium,Played,Louise Saunders,Aston Villa,Chelsea,0,3,1.3,2.2,3835
2023,4/19/2023,19:00,Wed,FA Women's Super League,ENG,The People’s Pension Stadium,Played,Lauren Impey,Brighton,Everton,3,2,0.9,1.7,2456
2023,4/19/2023,19:15,Wed,FA Women's Super League,ENG,Leigh Sports Village Stadium,Played,Abigail Byrne,Manchester Utd,Arsenal,1,0,0.6,0.5,6658
2023,4/23/2023,14:00,Sun,FA Women's Super League,ENG,Prenton Park,Played,Lisa Benn,Liverpool,Brighton,2,1,1,0.7,NA
2023,4/23/2023,14:00,Sun,FA Women's Super League,ENG,Select Car Leasing Stadium,Played,Louise Saunders,Reading,Everton,2,3,1.1,2.6,NA
2023,4/23/2023,14:00,Sun,FA Women's Super League,ENG,The Breyer Group Stadium,Played,Stacey Pearson,Tottenham,Aston Villa,3,3,1.7,1.8,NA
2023,4/23/2023,18:45,Sun,FA Women's Super League,ENG,Academy Stadium,Played,Jane Simms,Manchester City,West Ham,6,2,2.3,1.3,2649
2023,4/28/2023,19:15,Fri,FA Women's Super League,ENG,Poundland Bescot Stadium,Played,Lisa Benn,Aston Villa,Manchester Utd,2,3,0.6,1.6,4176
2023,4/29/2023,12:30,Sat,FA Women's Super League,ENG,King Power Stadium,Played,Emily Heaslip,Leicester City,Liverpool,4,0,1.3,0.9,NA
2023,4/29/2023,17:15,Sat,FA Women's Super League,ENG,The Breyer Group Stadium,Played,Cheryl Foster,Tottenham,Brighton,2,2,1.2,1.5,NA
2023,4/30/2023,14:00,Sun,FA Women's Super League,ENG,Academy Stadium,Played,Amy Fearn,Manchester City,Reading,4,1,4.7,0.4,3102
2023,05/03/2023,19:15,Wed,FA Women's Super League,ENG,Cherry Red Records Fans' Stadium,Played,Abigail Byrne,Chelsea,Liverpool,2,1,2.7,0.7,1664
2023,05/05/2023,19:30,Fri,FA Women's Super League,ENG,Meadow Park,Played,Emily Heaslip,Arsenal,Leicester City,1,0,1.9,0.6,NA
2023,05/07/2023,12:30,Sun,FA Women's Super League,ENG,Leigh Sports Village Stadium,Played,Kirsty Dowle,Manchester Utd,Tottenham,3,0,2.1,1.1,NA
2023,05/07/2023,14:00,Sun,FA Women's Super League,ENG,Select Car Leasing Stadium,Played,Abigail Byrne,Reading,Aston Villa,0,5,0.3,2.3,NA
2023,05/07/2023,14:00,Sun,FA Women's Super League,ENG,The People’s Pension Stadium,Played,Amy Fearn,Brighton,West Ham,1,0,1,0.2,2952
2023,05/07/2023,14:00,Sun,FA Women's Super League,ENG,Prenton Park,Played,Jane Simms,Liverpool,Manchester City,2,1,0.9,1.7,2552
2023,05/07/2023,18:45,Sun,FA Women's Super League,ENG,Cherry Red Records Fans' Stadium,Played,Lisa Benn,Chelsea,Everton,7,0,2.5,0.4,NA
2023,05/10/2023,19:30,Wed,FA Women's Super League,ENG,The People’s Pension Stadium,Played,Kirsty Dowle,Brighton,Arsenal,0,4,0.9,3,4411
2023,05/10/2023,19:00,Wed,FA Women's Super League,ENG,Cherry Red Records Fans' Stadium,Played,Rebecca Welch,Chelsea,Leicester City,6,0,3.4,0.4,1308
2023,5/17/2023,18:15,Wed,FA Women's Super League,ENG,Walton Hall Park,Played,Cheryl Foster,Everton,Arsenal,1,4,0.3,3.1,NA
2023,5/17/2023,20:15,Wed,FA Women's Super League,ENG,Chigwell Construction Stadium,Played,Louise Saunders,West Ham,Chelsea,0,4,0.4,2.4,NA
2023,5/20/2023,16:15,Sat,FA Women's Super League,ENG,The Breyer Group Stadium,Played,Emily Heaslip,Tottenham,Reading,4,1,1.9,0.8,NA
2023,5/21/2023,12:30,Sun,FA Women's Super League,ENG,Cherry Red Records Fans' Stadium,Played,Abigail Byrne,Chelsea,Arsenal,2,0,1.9,2,3456
2023,5/21/2023,13:00,Sun,FA Women's Super League,ENG,Walton Hall Park,Played,Lauren Impey,Everton,Brighton,2,1,1.2,1.2,NA
2023,5/21/2023,14:00,Sun,FA Women's Super League,ENG,Villa Park,Played,Kirsty Dowle,Aston Villa,Liverpool,3,3,1.3,1.2,7517
2023,5/21/2023,15:00,Sun,FA Women's Super League,ENG,King Power Stadium,Played,Lisa Benn,Leicester City,West Ham,1,2,2.5,1.1,4023
2023,5/21/2023,18:45,Sun,FA Women's Super League,ENG,Leigh Sports Village Stadium,Played,Rebecca Welch,Manchester Utd,Manchester City,2,1,2,1.1,7864
2023,5/27/2023,14:30,Sat,FA Women's Super League,ENG,Chigwell Construction Stadium,Played,Stacey Pearson,West Ham,Tottenham,2,2,1,0.9,NA
2023,5/27/2023,14:30,Sat,FA Women's Super League,ENG,The People’s Pension Stadium,Played,Abigail Byrne,Brighton,Leicester City,0,1,1.1,1.5,3073
2023,5/27/2023,14:30,Sat,FA Women's Super League,ENG,Select Car Leasing Stadium,Played,Rebecca Welch,Reading,Chelsea,0,3,0.3,2.3,NA
2023,5/27/2023,14:30,Sat,FA Women's Super League,ENG,Academy Stadium,Played,Kirsty Dowle,Manchester City,Everton,3,2,2.1,1,3828
2023,5/27/2023,14:30,Sat,FA Women's Super League,ENG,Meadow Park,Played,Amy Fearn,Arsenal,Aston Villa,0,2,0.3,0.8,NA
2023,5/27/2023,14:30,Sat,FA Women's Super League,ENG,Prenton Park,Played,Stacey Fullicks,Liverpool,Manchester Utd,0,1,0.5,1.1,NA
2024,10/01/2023,12:30,Sun,FA Women's Super League,ENG,Villa Park,Played,Rebecca Welch,Aston Villa,Manchester Utd,1,2,0.9,2.5,12533
2024,10/01/2023,13:00,Sun,FA Women's Super League,ENG,Walton Hall Park,Played,Kirsty Dowle,Everton,Brighton,1,2,1.6,1.5,1295
2024,10/01/2023,14:00,Sun,FA Women's Super League,ENG,Ashton Gate Stadium,Played,Elizabeth Simms,Bristol City,Leicester City,2,4,1.2,1.8,4132
2024,10/01/2023,14:00,Sun,FA Women's Super League,ENG,Emirates Stadium,Played,Emily Heaslip,Arsenal,Liverpool,0,1,1.7,1,54115
2024,10/01/2023,15:00,Sun,FA Women's Super League,ENG,Chigwell Construction Stadium,Played,Abigail Byrne,West Ham,Manchester City,0,2,0.2,1.8,23225
2024,10/01/2023,17:30,Sun,FA Women's Super League,ENG,Stamford Bridge,Played,James Bell,Chelsea,Tottenham,2,1,2.6,2,14776
2024,10/06/2023,19:30,Fri,FA Women's Super League,ENG,Leigh Sports Village Stadium,Played,Kirsty Dowle,Manchester Utd,Arsenal,2,2,1.2,1.4,8312
2024,10/08/2023,12:00,Sun,FA Women's Super League,ENG,Broadfield Stadium,Played,Amy Fearn,Brighton,West Ham,0,2,0.8,1.3,1126
2024,10/08/2023,12:30,Sun,FA Women's Super League,ENG,Joie Stadium,Played,Emily Heaslip,Manchester City,Chelsea,1,1,0.5,1.9,5249
2024,10/08/2023,14:00,Sun,FA Women's Super League,ENG,Gaughan Group Stadium,Played,Lauren Impey,Tottenham,Bristol City,3,1,1.1,1.8,1605
2024,10/08/2023,15:00,Sun,FA Women's Super League,ENG,King Power Stadium,Played,Stacey Fullicks,Leicester City,Everton,1,0,2,1.7,2150
2024,10/08/2023,18:45,Sun,FA Women's Super League,ENG,Prenton Park,Played,Melissa Burgin,Liverpool,Aston Villa,2,0,0.8,1.1,2963
2024,10/14/2023,17:30,Sat,FA Women's Super League,ENG,Cherry Red Records Fans' Stadium,Played,Stacey Pearson,Chelsea,West Ham,2,0,2.4,1,3313
2024,10/15/2023,12:00,Sun,FA Women's Super League,ENG,Leigh Sports Village Stadium,Played,Adewunmi Soneye,Manchester Utd,Leicester City,1,1,2,0.2,4903
2024,10/15/2023,13:00,Sun,FA Women's Super League,ENG,Joie Stadium,Played,Stacey Fullicks,Manchester City,Bristol City,5,0,3,0.1,7000
2024,10/15/2023,14:00,Sun,FA Women's Super League,ENG,Emirates Stadium,Played,Amy Fearn,Arsenal,Aston Villa,2,1,2.3,0.2,35829
2024,10/15/2023,16:00,Sun,FA Women's Super League,ENG,Broadfield Stadium,Played,Kirsty Dowle,Brighton,Tottenham,1,3,1.1,1.2,6951
2024,10/15/2023,16:30,Sun,FA Women's Super League,ENG,Anfield,Played,Abigail Byrne,Liverpool,Everton,0,1,0.8,0.6,23088
2024,10/21/2023,12:30,Sat,FA Women's Super League,ENG,Poundland Bescot Stadium,Played,Lauren Impey,Aston Villa,Tottenham,2,4,2,1.1,2810
2024,10/21/2023,17:15,Sat,FA Women's Super League,ENG,King Power Stadium,Played,Farai Hallam,Leicester City,Manchester City,0,1,1.1,2.6,2447
2024,10/22/2023,13:00,Sun,FA Women's Super League,ENG,Walton Hall Park,Played,Adam Herczeg,Everton,Manchester Utd,0,5,0.6,2.9,1990
2024,10/22/2023,14:00,Sun,FA Women's Super League,ENG,Cherry Red Records Fans' Stadium,Played,Stacey Fullicks,Chelsea,Brighton,4,2,4.6,0.5,3647
2024,10/22/2023,15:00,Sun,FA Women's Super League,ENG,Chigwell Construction Stadium,Played,Steven Hughes,West Ham,Liverpool,1,1,0.9,0.7,1163
2024,10/22/2023,18:45,Sun,FA Women's Super League,ENG,Ashton Gate Stadium,Played,Adewunmi Soneye,Bristol City,Arsenal,1,2,0.2,2.4,12008
2024,11/04/2023,12:30,Sat,FA Women's Super League,ENG,Poundland Bescot Stadium,Played,Abigail Byrne,Aston Villa,Chelsea,0,6,0.7,5.4,4086
2024,11/05/2023,12:30,Sun,FA Women's Super League,ENG,Meadow Park,Played,Rebecca Welch,Arsenal,Manchester City,2,1,2,1.5,3453
2024,11/05/2023,14:00,Sun,FA Women's Super League,ENG,Gaughan Group Stadium,Played,Emily Heaslip,Tottenham,Everton,1,1,2,1.4,1920
2024,11/05/2023,14:00,Sun,FA Women's Super League,ENG,Prenton Park,Played,Phoebe Cross,Liverpool,Leicester City,2,1,1.1,0.2,1783
2024,11/05/2023,15:00,Sun,FA Women's Super League,ENG,Chigwell Construction Stadium,Played,Kirsty Dowle,West Ham,Bristol City,2,3,1.3,1.4,791
2024,11/05/2023,18:45,Sun,FA Women's Super League,ENG,Broadfield Stadium,Played,Elizabeth Simms,Brighton,Manchester Utd,2,2,1.6,2.5,3444
2024,11/12/2023,12:00,Sun,FA Women's Super League,ENG,Leigh Sports Village Stadium,Played,Phoebe Cross,Manchester Utd,West Ham,5,0,1.8,0.8,4396
2024,11/12/2023,12:30,Sun,FA Women's Super League,ENG,Gaughan Group Stadium,Played,Abigail Byrne,Tottenham,Liverpool,1,1,1,1.2,2155
2024,11/12/2023,13:00,Sun,FA Women's Super League,ENG,Joie Stadium,Played,Adam Herczeg,Manchester City,Brighton,0,1,2.8,1,2885
2024,11/12/2023,13:00,Sun,FA Women's Super League,ENG,Walton Hall Park,Played,Lauren Impey,Everton,Chelsea,0,3,0.5,0.7,1737
2024,11/12/2023,14:00,Sun,FA Women's Super League,ENG,Ashton Gate Stadium,Played,Melissa Burgin,Bristol City,Aston Villa,0,2,0.2,1.1,4407
2024,11/12/2023,18:45,Sun,FA Women's Super League,ENG,King Power Stadium,Played,Stacey Fullicks,Leicester City,Arsenal,2,6,1,6.1,4179
2024,11/18/2023,13:30,Sat,FA Women's Super League,ENG,Stamford Bridge,Played,Kirsty Dowle,Chelsea,Liverpool,5,1,3.3,0.5,12802
2024,11/19/2023,13:00,Sun,FA Women's Super League,ENG,Walton Hall Park,Played,Adewunmi Soneye,Everton,Bristol City,2,2,2.1,0.8,886
2024,11/19/2023,14:00,Sun,FA Women's Super League,ENG,Broadfield Stadium,Played,Tim Robinson,Brighton,Arsenal,0,3,0.4,2.4,4921
2024,11/19/2023,15:00,Sun,FA Women's Super League,ENG,Chigwell Construction Stadium,Played,Keith Stroud,West Ham,Aston Villa,2,3,1.5,1,1406
2024,11/19/2023,15:00,Sun,FA Women's Super League,ENG,King Power Stadium,Played,Andy Madley,Leicester City,Tottenham,1,1,0.8,1,1953
2024,11/19/2023,16:30,Sun,FA Women's Super League,ENG,Old Trafford,Played,Cheryl Foster,Manchester Utd,Manchester City,1,3,1.5,1.2,43615
2024,11/26/2023,12:30,Sun,FA Women's Super League,ENG,Ashton Gate Stadium,Played,Stacey Fullicks,Bristol City,Manchester Utd,0,2,0.3,2.1,14138
2024,11/26/2023,14:00,Sun,FA Women's Super League,ENG,Cherry Red Records Fans' Stadium,Played,Megan Wilson,Chelsea,Leicester City,5,2,2.1,1,2558
2024,11/26/2023,14:00,Sun,FA Women's Super League,ENG,Meadow Park,Played,Lisa Benn,Arsenal,West Ham,3,0,0.8,0.9,3686
2024,11/26/2023,14:00,Sun,FA Women's Super League,ENG,Prenton Park,Played,Adewunmi Soneye,Liverpool,Brighton,4,0,3.1,0.4,1344
2024,11/26/2023,16:30,Sun,FA Women's Super League,ENG,Villa Park,Played,Stacey Pearson,Aston Villa,Everton,1,2,1.2,1.2,4203
2024,11/26/2023,18:45,Sun,FA Women's Super League,ENG,Joie Stadium,Played,Richie Watkins,Manchester City,Tottenham,7,0,2.5,0.6,2134
2024,12/09/2023,12:00,Sat,FA Women's Super League,ENG,Joie Stadium,Played,Abigail Byrne,Manchester City,Aston Villa,2,1,2.1,0.4,3047
2024,12/10/2023,12:30,Sun,FA Women's Super League,ENG,Emirates Stadium,Played,Rebecca Welch,Arsenal,Chelsea,4,1,3,0.8,59042
2024,12/10/2023,14:00,Sun,FA Women's Super League,ENG,Prenton Park,Played,Stacey Fullicks,Liverpool,Bristol City,1,1,0.8,0.9,1341
2024,12/10/2023,14:00,Sun,FA Women's Super League,ENG,Broadfield Stadium,Played,Melissa Burgin,Brighton,Leicester City,2,2,2.3,0.7,1954
2024,12/10/2023,15:00,Sun,FA Women's Super League,ENG,Chigwell Construction Stadium,Played,Adewunmi Soneye,West Ham,Everton,0,1,1.1,0.8,614
2024,12/10/2023,18:45,Sun,FA Women's Super League,ENG,Gaughan Group Stadium,Played,Kirsty Dowle,Tottenham,Manchester Utd,0,4,1,1.1,2152
2024,12/16/2023,12:00,Sat,FA Women's Super League,ENG,Tottenham Hotspur Stadium,Played,Cheryl Foster,Tottenham,Arsenal,1,0,0.4,2.5,19480
2024,12/17/2023,12:15,Sun,FA Women's Super League,ENG,Leigh Sports Village Stadium,Played,Lauren Impey,Manchester Utd,Liverpool,1,2,1.7,1.8,6303
2024,12/17/2023,13:00,Sun,FA Women's Super League,ENG,Walton Hall Park,Played,Stacey Pearson,Everton,Manchester City,1,4,0.3,2,1167
2024,12/17/2023,14:00,Sun,FA Women's Super League,ENG,Ashton Gate Stadium,Played,Amy Fearn,Bristol City,Chelsea,0,3,0.5,1.4,9442
2024,12/17/2023,15:00,Sun,FA Women's Super League,ENG,King Power Stadium,Played,Abigail Byrne,Leicester City,West Ham,1,1,1.6,1.4,1521
2024,12/17/2023,18:45,Sun,FA Women's Super League,ENG,Poundland Bescot Stadium,Played,Emily Heaslip,Aston Villa,Brighton,1,0,1.9,0.3,1784
2024,1/19/2024,19:00,Fri,FA Women's Super League,ENG,Pirelli Stadium,Played,Jane Simms,Leicester City,Aston Villa,0,1,1.8,1.1,NA
2024,1/20/2024,14:00,Sat,FA Women's Super League,ENG,Meadow Park,Played,Melissa Burgin,Arsenal,Everton,2,1,2.4,0.3,3713
2024,1/21/2024,12:30,Sun,FA Women's Super League,ENG,Stamford Bridge,Played,Abigail Byrne,Chelsea,Manchester Utd,3,1,1.7,1,NA
2024,1/21/2024,14:00,Sun,FA Women's Super League,ENG,Broadfield Stadium,Played,Lisa Benn,Brighton,Bristol City,3,2,0.6,1.3,2049
2024,1/21/2024,14:30,Sun,FA Women's Super League,ENG,Joie Stadium,Played,Kirsty Dowle,Manchester City,Liverpool,5,1,3,0.6,4599
2024,1/21/2024,18:45,Sun,FA Women's Super League,ENG,Chigwell Construction Stadium,Played,Stacey Pearson,West Ham,Tottenham,3,4,2.1,1.8,1293
2024,1/27/2024,17:30,Sat,FA Women's Super League,ENG,Broadfield Stadium,Played,Amy Fearn,Brighton,Chelsea,0,3,0.2,2.5,4549
2024,1/28/2024,12:00,Sun,FA Women's Super League,ENG,Old Trafford,Played,Adewunmi Soneye,Manchester Utd,Aston Villa,2,1,1.6,1.4,6347
2024,1/28/2024,12:30,Sun,FA Women's Super League,ENG,Walton Hall Park,Played,Cheryl Foster,Everton,Leicester City,0,1,1.6,1.2,NA
2024,1/28/2024,14:00,Sun,FA Women's Super League,ENG,Ashton Gate Stadium,Played,Lauren Impey,Bristol City,West Ham,1,2,1,1.5,6214
2024,1/28/2024,14:00,Sun,FA Women's Super League,ENG,Gaughan Group Stadium,Played,Melissa Burgin,Tottenham,Manchester City,0,2,0.3,1,NA
2024,1/28/2024,16:30,Sun,FA Women's Super League,ENG,Prenton Park,Played,Rebecca Welch,Liverpool,Arsenal,0,2,0.4,1.5,6085
2024,02/03/2024,12:30,Sat,FA Women's Super League,ENG,Poundland Bescot Stadium,Played,Stacey Pearson,Aston Villa,Bristol City,2,2,3.1,0.5,2190
2024,02/04/2024,12:00,Sun,FA Women's Super League,ENG,Leigh Sports Village Stadium,Played,Megan Wilson,Manchester Utd,Brighton,2,0,1.1,0.3,4060
2024,02/04/2024,12:30,Sun,FA Women's Super League,ENG,Chigwell Construction Stadium,Played,Melissa Burgin,West Ham,Arsenal,2,1,1.1,1.9,4172
2024,02/04/2024,13:00,Sun,FA Women's Super League,ENG,Joie Stadium,Played,Lisa Benn,Manchester City,Leicester City,2,0,1.7,0.1,NA
2024,02/04/2024,14:00,Sun,FA Women's Super League,ENG,Prenton Park,Played,Lauren Impey,Liverpool,Tottenham,1,1,0.8,1.5,NA
2024,02/04/2024,18:45,Sun,FA Women's Super League,ENG,Cherry Red Records Fans' Stadium,Played,Emily Heaslip,Chelsea,Everton,3,0,3.5,0.3,NA
2024,2/16/2024,19:15,Fri,FA Women's Super League,ENG,Cherry Red Records Fans' Stadium,Played,Abigail Byrne,Chelsea,Manchester City,0,1,1.8,1.4,NA
2024,2/17/2024,12:30,Sat,FA Women's Super League,ENG,Emirates Stadium,Played,Kirsty Dowle,Arsenal,Manchester Utd,3,1,3,1.2,60160
2024,2/18/2024,12:00,Sun,FA Women's Super League,ENG,Broadfield Stadium,Played,Amy Fearn,Brighton,Liverpool,0,1,0.3,1.4,2959
2024,2/18/2024,13:00,Sun,FA Women's Super League,ENG,Walton Hall Park,Played,Anthony Backhouse,Everton,West Ham,2,0,0.6,0.4,NA
2024,2/18/2024,14:00,Sun,FA Women's Super League,ENG,Gaughan Group Stadium,Played,Adewunmi Soneye,Tottenham,Aston Villa,1,2,1.1,0.9,NA
2024,2/18/2024,15:00,Sun,FA Women's Super League,ENG,King Power Stadium,Played,Stacey Pearson,Leicester City,Bristol City,5,2,3.3,0.8,NA
2024,03/02/2024,12:00,Sat,FA Women's Super League,ENG,Joie Stadium,Played,Lauren Impey,Manchester City,Everton,2,1,2.4,0.8,NA
2024,03/03/2024,12:30,Sun,FA Women's Super League,ENG,Emirates Stadium,Played,Abigail Byrne,Arsenal,Tottenham,1,0,1.3,0.3,60050
2024,03/03/2024,14:00,Sun,FA Women's Super League,ENG,Poundland Bescot Stadium,Played,Tom Nield,Aston Villa,Liverpool,1,4,1.5,1.3,3045
2024,03/03/2024,14:00,Sun,FA Women's Super League,ENG,Ashton Gate Stadium,Played,Adewunmi Soneye,Bristol City,Brighton,3,7,1.4,2.9,3468
2024,03/03/2024,15:00,Sun,FA Women's Super League,ENG,Chigwell Construction Stadium,Played,Stephen Parkinson,West Ham,Manchester Utd,1,1,0.9,2.2,3171
2024,03/03/2024,18:00,Sun,FA Women's Super League,ENG,King Power Stadium,Played,Phoebe Cross,Leicester City,Chelsea,0,4,0.5,3,NA
2024,3/15/2024,19:00,Fri,FA Women's Super League,ENG,Stamford Bridge,Played,Rebecca Welch,Chelsea,Arsenal,3,1,2.9,0.5,32970
2024,3/16/2024,13:00,Sat,FA Women's Super League,ENG,Walton Hall Park,Played,Phoebe Cross,Everton,Aston Villa,1,2,1.1,0.6,NA
2024,3/17/2024,12:00,Sun,FA Women's Super League,ENG,Leigh Sports Village Stadium,Played,Elizabeth Simms,Manchester Utd,Bristol City,2,0,0.4,0.2,4254
2024,3/17/2024,12:00,Sun,FA Women's Super League,ENG,Prenton Park,Played,Emily Heaslip,Liverpool,West Ham,3,1,2,1.3,NA
2024,3/17/2024,12:30,Sun,FA Women's Super League,ENG,Broadfield Stadium,Played,Megan Wilson,Brighton,Manchester City,1,4,0.3,2,3490
2024,3/17/2024,14:00,Sun,FA Women's Super League,ENG,Gaughan Group Stadium,Played,Adewunmi Soneye,Tottenham,Leicester City,1,0,1.1,1,NA
2024,3/23/2024,12:30,Sat,FA Women's Super League,ENG,Etihad Stadium,Played,Abigail Byrne,Manchester City,Manchester Utd,3,1,2.3,1.1,40086
2024,3/24/2024,13:00,Sun,FA Women's Super League,ENG,Goodison Park,Played,Kirsty Dowle,Everton,Liverpool,0,0,0.4,0.5,9457
2024,3/24/2024,14:00,Sun,FA Women's Super League,ENG,Ashton Gate Stadium,Played,Phoebe Cross,Bristol City,Tottenham,0,1,0.2,1.8,5262
2024,3/24/2024,15:00,Sun,FA Women's Super League,ENG,King Power Stadium,Played,Cheryl Foster,Leicester City,Brighton,2,3,1.4,1.5,NA
2024,3/24/2024,16:30,Sun,FA Women's Super League,ENG,Chigwell Construction Stadium,Played,Megan Wilson,West Ham,Chelsea,0,2,1.2,1.3,NA
2024,3/24/2024,19:30,Sun,FA Women's Super League,ENG,Villa Park,Played,Stacey Pearson,Aston Villa,Arsenal,1,3,0.2,4,10076
2024,3/30/2024,12:30,Sat,FA Women's Super League,ENG,Prenton Park,Played,Phoebe Cross,Liverpool,Manchester City,1,4,0.5,1.2,NA
2024,3/30/2024,12:30,Sat,FA Women's Super League,ENG,Poundland Bescot Stadium,Played,Elizabeth Simms,Aston Villa,Leicester City,2,2,1.5,1.1,2182
2024,3/31/2024,12:00,Sun,FA Women's Super League,ENG,Leigh Sports Village Stadium,Played,Lauren Impey,Manchester Utd,Everton,4,1,2.2,0.3,NA
2024,3/31/2024,15:00,Sun,FA Women's Super League,ENG,Chigwell Construction Stadium,Played,Kirsty Dowle,West Ham,Brighton,0,0,0.5,0.5,NA
2024,3/31/2024,14:00,Sun,FA Women's Super League,ENG,Prenton Park,Fixture,,Liverpool,Manchester City,NA,NA,NA,NA,NA
2024,3/31/2024,14:00,Sun,FA Women's Super League,ENG,Gaughan Group Stadium,Fixture,,Tottenham,Chelsea,NA,NA,NA,NA,NA
2024,3/31/2024,14:00,Sun,FA Women's Super League,ENG,Meadow Park,Fixture,,Arsenal,Bristol City,NA,NA,NA,NA,NA
2024,4/14/2024,18:45,Sun,FA Women's Super League,ENG,Meadow Park,Played,Lisa Benn,Arsenal,Bristol City,5,0,3.3,0.5,3565
2024,4/17/2024,19:00,Wed,FA Women's Super League,ENG,Cherry Red Records Fans' Stadium,Played,Melissa Burgin,Chelsea,Aston Villa,3,0,2.7,0.2,NA
2024,4/19/2024,19:00,Fri,FA Women's Super League,ENG,The American Express Community Stadium,Played,Kirsty Dowle,Brighton,Everton,1,2,1.1,0.2,4987
2024,4/20/2024,12:30,Sat,FA Women's Super League,ENG,Ashton Gate Stadium,Played,Phoebe Cross,Bristol City,Liverpool,0,1,0.5,0.6,4780
2024,4/21/2024,12:00,Sun,FA Women's Super League,ENG,Leigh Sports Village Stadium,Played,Rebecca Welch,Manchester Utd,Tottenham,2,2,1.4,1,4697
2024,4/21/2024,14:00,Sun,FA Women's Super League,ENG,Emirates Stadium,Played,Adewunmi Soneye,Arsenal,Leicester City,3,0,2.8,0.6,42820
2024,4/21/2024,14:15,Sun,FA Women's Super League,ENG,Joie Stadium,Played,Abigail Byrne,Manchester City,West Ham,5,0,2.7,1,NA
2024,4/21/2024,12:00,Sun,FA Women's Super League,ENG,Cherry Red Records Fans' Stadium,Fixture,,Chelsea,Aston Villa,NA,NA,NA,NA,NA
2024,4/21/2024,14:00,Sun,FA Women's Super League,ENG,Broadfield Stadium,Fixture,,Brighton,Everton,NA,NA,NA,NA,NA
2024,4/28/2024,12:30,Sun,FA Women's Super League,ENG,Walton Hall Park,Played,Phoebe Cross,Everton,Arsenal,1,1,0.5,2.3,NA
2024,4/28/2024,14:00,Sun,FA Women's Super League,ENG,Gaughan Group Stadium,Played,Melissa Burgin,Tottenham,Brighton,1,1,1.5,1.6,NA
2024,4/28/2024,14:00,Sun,FA Women's Super League,ENG,Villa Park,Played,Emily Heaslip,Aston Villa,West Ham,1,1,1,0.8,4282
2024,4/28/2024,15:00,Sun,FA Women's Super League,ENG,King Power Stadium,Played,Megan Wilson,Leicester City,Manchester Utd,0,1,0.6,1.9,NA
2024,4/28/2024,18:45,Sun,FA Women's Super League,ENG,Ashton Gate Stadium,Played,Cheryl Foster,Bristol City,Manchester City,0,4,0.1,3.4,8749
2024,4/28/2024,14:00,Sun,FA Women's Super League,ENG,Prenton Park,Fixture,,Liverpool,Chelsea,NA,NA,NA,NA,NA
2024,05/01/2024,19:00,Wed,FA Women's Super League,ENG,Prenton Park,Fixture,,Liverpool,Chelsea,NA,NA,NA,NA,NA
2024,05/04/2024,12:00,Sat,FA Women's Super League,ENG,Walton Hall Park,Fixture,,Everton,Tottenham,NA,NA,NA,NA,NA
2024,05/04/2024,13:00,Sat,FA Women's Super League,ENG,Broadfield Stadium,Fixture,,Brighton,Aston Villa,NA,NA,NA,NA,NA
2024,05/05/2024,14:00,Sun,FA Women's Super League,ENG,Prenton Park,Fixture,,Liverpool,Manchester Utd,NA,NA,NA,NA,NA
2024,05/05/2024,14:15,Sun,FA Women's Super League,ENG,Joie Stadium,Fixture,,Manchester City,Arsenal,NA,NA,NA,NA,NA
2024,05/05/2024,15:00,Sun,FA Women's Super League,ENG,Chigwell Construction Stadium,Fixture,,West Ham,Leicester City,NA,NA,NA,NA,NA
2024,05/05/2024,18:45,Sun,FA Women's Super League,ENG,Cherry Red Records Fans' Stadium,Fixture,,Chelsea,Bristol City,NA,NA,NA,NA,NA
2024,05/05/2024,13:00,Sun,FA Women's Super League,ENG,Walton Hall Park,Fixture,,Everton,Tottenham,NA,NA,NA,NA,NA
2024,05/05/2024,14:00,Sun,FA Women's Super League,ENG,Broadfield Stadium,Fixture,,Brighton,Aston Villa,NA,NA,NA,NA,NA
2024,5/15/2024,19:15,Wed,FA Women's Super League,ENG,Gaughan Group Stadium,Fixture,,Tottenham,Chelsea,NA,NA,NA,NA,NA
2024,5/18/2024,15:00,Sat,FA Women's Super League,ENG,Villa Park,Fixture,,Aston Villa,Manchester City,NA,NA,NA,NA,NA
2024,5/18/2024,15:00,Sat,FA Women's Super League,ENG,Ashton Gate Stadium,Fixture,,Bristol City,Everton,NA,NA,NA,NA,NA
2024,5/18/2024,15:00,Sat,FA Women's Super League,ENG,Gaughan Group Stadium,Fixture,,Tottenham,West Ham,NA,NA,NA,NA,NA
2024,5/18/2024,15:00,Sat,FA Women's Super League,ENG,Meadow Park,Fixture,,Arsenal,Brighton,NA,NA,NA,NA,NA
2024,5/18/2024,15:00,Sat,FA Women's Super League,ENG,Old Trafford,Fixture,,Manchester Utd,Chelsea,NA,NA,NA,NA,NA
2024,5/18/2024,15:00,Sat,FA Women's Super League,ENG,King Power Stadium,Fixture,,Leicester City,Liverpool,NA,NA,NA,NA,NA
